---CRIANDO E POPULANDO A TABELA PROPRIETÁRIO

CREATE TABLE proprietario (
  idProprietario integer primary key,
  nomeProprietario varchar(100) default NULL,
  uf char(2) default NULL,
  dtNascimento date
);

INSERT INTO "proprietario" (idProprietario,nomeProprietario,uf,dtNascimento) VALUES (1,'Colin Z. Best','RJ','1919-11-19'),(2,'Yen J. Riggs','SP','1935-06-17'),(3,'Dawn A. Alvarez','PE','1978-11-08'),(4,'Yoshi U. Boyd','SC','1973-10-27'),(5,'Virginia O. Saunders','SP','1936-07-06'),(6,'Drew Z. Morrison','RS','1953-03-05'),(7,'Norman D. Solis','MA','1966-05-11'),(8,'Lionel K. Franks','SP','1973-04-29'),(9,'Zelenia M. Padilla','PE','1956-01-03'),(10,'Wynne X. Mckinney','RS','1924-05-08');
INSERT INTO "proprietario" (idProprietario,nomeProprietario,uf,dtNascimento) VALUES (11,'Hayes I. Noel','SP','1999-08-17'),(12,'Armand D. Phillips','PR','1995-06-22'),(13,'Lara L. Skinner','SP','1971-04-28'),(14,'Abbot X. Goodman','RS','1994-02-10'),(15,'Christen S. Hendrix','BA','1961-10-15'),(16,'Kiona M. Gilbert','MA','1928-10-17'),(17,'Gil F. Roth','SP','1944-08-15'),(18,'Callie M. Watts','BA','1933-03-09'),(19,'Jennifer T. Wooten','SP','1919-09-20'),(20,'Mara B. Watts','PR','1986-03-29');
INSERT INTO "proprietario" (idProprietario,nomeProprietario,uf,dtNascimento) VALUES (21,'Hiram Y. Atkins','SP','1924-07-25'),(22,'Hayfa Z. Talley','SP','1996-06-12'),(23,'Arsenio X. Burgess','BA','1978-10-18'),(24,'Stella H. Wolfe','CE','1990-05-05'),(25,'Orson J. Yang','MG','1935-06-29'),(26,'Elvis K. Bush','PE','1955-02-04'),(27,'Raymond T. Bird','SP','1927-07-14'),(28,'Philip Y. Hardin','MG','1999-06-24'),(29,'Aretha M. Christian','SP','1917-04-27'),(30,'Maxwell A. Kelley','SP','1996-12-01');
INSERT INTO "proprietario" (idProprietario,nomeProprietario,uf,dtNascimento) VALUES (31,'Hedley U. Hamilton','PR','1959-02-20'),(32,'Martin R. Davenport','SP','1990-03-08'),(33,'Baxter L. Rios','MG','1990-02-07'),(34,'Todd W. Hicks','PR','1983-11-10'),(35,'Dieter O. Pruitt','CE','1971-07-16'),(36,'Talon M. Harper','PR','1996-10-02'),(37,'Yolanda L. Johns','BA','1964-02-13'),(38,'Grace Z. Mcintyre','PE','1937-02-27'),(39,'Baxter S. Vinson','MA','1988-09-04'),(40,'Cassandra D. Strong','SP','1936-10-27');
INSERT INTO "proprietario" (idProprietario,nomeProprietario,uf,dtNascimento) VALUES (41,'Jordan N. Bishop','CE','1961-04-19'),(42,'Tamara L. Allen','SP','1924-08-07'),(43,'Oren V. Serrano','PA','1989-06-09'),(44,'Hilel Y. Sutton','PR','1917-03-30'),(45,'Levi Y. Pope','PR','1955-01-28'),(46,'Ray P. Morrow','GO','1979-09-24'),(47,'Mona P. Ratliff','SC','1965-06-09'),(48,'Jamal P. Holt','RS','1949-08-31'),(49,'Colton J. Avery','RJ','1963-01-10'),(50,'Brady I. Livingston','RJ','1985-05-22');
INSERT INTO "proprietario" (idProprietario,nomeProprietario,uf,dtNascimento) VALUES (51,'Savannah B. Little','RJ','1933-01-18'),(52,'Ocean A. Harrington','BA','1996-02-26'),(53,'Hanae W. Key','RS','1943-11-11'),(54,'Chase S. Blackburn','PA','1961-03-15'),(55,'Berk I. Bolton','BA','1993-05-21'),(56,'Arden F. Bowman','GO','1972-04-21'),(57,'Shelly X. Blake','PB','1953-06-18'),(58,'Kaye H. Morse','RJ','1984-03-03'),(59,'Oleg U. Ware','CE','1978-03-17'),(60,'Carl W. Haley','SP','1991-11-03');
INSERT INTO "proprietario" (idProprietario,nomeProprietario,uf,dtNascimento) VALUES (61,'Wynne T. Byrd','RJ','1928-08-23'),(62,'Kevin V. Maynard','RS','1977-05-06'),(63,'Baxter Q. Everett','CE','1964-05-31'),(64,'Jerome U. Blevins','SP','1997-10-21'),(65,'Quon E. Brock','MG','1939-12-13'),(66,'Colt B. Melton','PA','1934-10-31'),(67,'Camilla L. Bullock','PE','1984-01-21'),(68,'Darrel E. Chan','PR','1965-05-21'),(69,'Oleg M. Foley','MG','1939-10-10'),(70,'Sage A. Clay','RJ','1956-02-23');
INSERT INTO "proprietario" (idProprietario,nomeProprietario,uf,dtNascimento) VALUES (71,'Reed O. Baird','SP','1946-02-04'),(72,'Keefe T. Reid','MG','1961-08-11'),(73,'Petra O. Kirk','SP','1963-01-08'),(74,'Jamalia W. Bush','SC','1996-03-19'),(75,'Quinn S. Whitfield','MG','1938-10-10'),(76,'Samson E. Malone','SC','1971-11-28'),(77,'Brynne M. Barry','BA','1941-04-12'),(78,'Ramona O. Cannon','SP','1982-05-18'),(79,'Melvin F. Conrad','PE','1924-08-17'),(80,'Jacob T. Sullivan','RS','1918-12-25');
INSERT INTO "proprietario" (idProprietario,nomeProprietario,uf,dtNascimento) VALUES (81,'Oleg N. Porter','PA','1942-07-29'),(82,'Emma J. Bass','SP','1934-07-25'),(83,'Tiger P. Chaney','PR','1950-06-23'),(84,'Michelle G. Christensen','PR','1977-11-08'),(85,'Wynne Q. Webster','SP','1952-07-02'),(86,'Marvin T. Robbins','CE','1946-01-09'),(87,'Rama P. Goodwin','RS','1958-09-01'),(88,'Hashim D. Aguirre','SP','1921-02-22'),(89,'Ulysses M. Gutierrez','MG','1964-11-06'),(90,'Cooper O. Fox','PA','1926-10-10');
INSERT INTO "proprietario" (idProprietario,nomeProprietario,uf,dtNascimento) VALUES (91,'Kyla I. Bridges','SP','1957-01-11'),(92,'Calista A. Rodriquez','MA','1997-08-03'),(93,'Wanda A. Copeland','SP','1977-05-12'),(94,'Nelle I. Howell','MG','1972-11-19'),(95,'Branden P. Chen','PR','1973-04-15'),(96,'Harriet K. Zamora','SP','1988-07-19'),(97,'Brady L. Mcdonald','BA','1935-09-16'),(98,'Jade A. Finch','SC','1952-02-11'),(99,'Charissa G. Woodard','SP','1998-02-14'),(100,'Jeremy O. Avery','SP','1966-03-26'),(101,'Alípio Gonçalves','AL','1980-09-15'),(102,'Anderson Nascimento','RJ','1976-04-05');

--CRIANDO E POPULANDO A TABELA CARRO

CREATE TABLE "carro" (
  placa varchar(8) primary key,
  fabricante varchar(50) default NULL,
  idProprietario integer NULL,
  foreign key (idproprietario) references proprietario(idProprietario)
);

INSERT INTO "carro" (placa,fabricante,idProprietario) VALUES ('YXG-9825','Hyundai Motors',37);
INSERT INTO "carro" (placa,fabricante,idProprietario) VALUES ('SYF-5793','MINI',84);
INSERT INTO "carro" (placa,fabricante,idProprietario) VALUES ('HVA-9819','Maruti Suzuki',38);
INSERT INTO "carro" (placa,fabricante,idProprietario) VALUES ('KUX-8969','Nissan',82);
INSERT INTO "carro" (placa,fabricante,idProprietario) VALUES ('WWT-4986','Kia Motors',76);
INSERT INTO "carro" (placa,fabricante,idProprietario) VALUES ('VBG-6042','Lexus',43);
INSERT INTO "carro" (placa,fabricante,idProprietario) VALUES ('RUQ-0963','Nissan',75);
INSERT INTO "carro" (placa,fabricante,idProprietario) VALUES ('DPA-3139','RAM Trucks',100);
INSERT INTO "carro" (placa,fabricante,idProprietario) VALUES ('ITZ-9277','GMC',9);
INSERT INTO "carro" (placa,fabricante,idProprietario) VALUES ('BTD-2001','Tata Motors',11);
INSERT INTO "carro" (placa,fabricante,idProprietario) VALUES ('DER-7990','Kenworth',71);
INSERT INTO "carro" (placa,fabricante,idProprietario) VALUES ('FHK-2707','Daimler',44);
INSERT INTO "carro" (placa,fabricante,idProprietario) VALUES ('PPD-0535','Dodge',34);
INSERT INTO "carro" (placa,fabricante,idProprietario) VALUES ('EHF-7857','Dongfeng Motor',57);
INSERT INTO "carro" (placa,fabricante,idProprietario) VALUES ('WHB-1041','Renault',42);
INSERT INTO "carro" (placa,fabricante,idProprietario) VALUES ('LMM-9094','Lincoln',84);
INSERT INTO "carro" (placa,fabricante,idProprietario) VALUES ('DAN-7708','Ferrari',99);
INSERT INTO "carro" (placa,fabricante,idProprietario) VALUES ('XHR-0181','Mercedes-Benz',10);
INSERT INTO "carro" (placa,fabricante,idProprietario) VALUES ('VYV-0563','Mazda',70);
INSERT INTO "carro" (placa,fabricante,idProprietario) VALUES ('EZF-6509','Chrysler',83);
INSERT INTO "carro" (placa,fabricante,idProprietario) VALUES ('OPG-5143','Mahindra and Mahindra',13);
INSERT INTO "carro" (placa,fabricante,idProprietario) VALUES ('TEA-1066','Dodge',61);
INSERT INTO "carro" (placa,fabricante,idProprietario) VALUES ('REO-5412','Peugeot',38);
INSERT INTO "carro" (placa,fabricante,idProprietario) VALUES ('KPV-0302','FAW',83);
INSERT INTO "carro" (placa,fabricante,idProprietario) VALUES ('BVN-6706','Acura',75);
INSERT INTO "carro" (placa,fabricante,idProprietario) VALUES ('OZE-2973','Acura',80);
INSERT INTO "carro" (placa,fabricante,idProprietario) VALUES ('KPX-3660','Daimler',14);
INSERT INTO "carro" (placa,fabricante,idProprietario) VALUES ('KNJ-0765','Dodge',9);
INSERT INTO "carro" (placa,fabricante,idProprietario) VALUES ('VGV-7330','Fiat',93);
INSERT INTO "carro" (placa,fabricante,idProprietario) VALUES ('PLR-8954','Mazda',26);
INSERT INTO "carro" (placa,fabricante,idProprietario) VALUES ('PAQ-5855','Mitsubishi Motors',4);
INSERT INTO "carro" (placa,fabricante,idProprietario) VALUES ('XQJ-8364','Honda',9);
INSERT INTO "carro" (placa,fabricante,idProprietario) VALUES ('EUF-3537','Dodge',100);
INSERT INTO "carro" (placa,fabricante,idProprietario) VALUES ('DWF-4567','RAM Trucks',4);
INSERT INTO "carro" (placa,fabricante,idProprietario) VALUES ('CCG-0214','Mahindra and Mahindra',20);
INSERT INTO "carro" (placa,fabricante,idProprietario) VALUES ('IPX-7161','Fiat',22);
INSERT INTO "carro" (placa,fabricante,idProprietario) VALUES ('XWE-7995','Chrysler',89);
INSERT INTO "carro" (placa,fabricante,idProprietario) VALUES ('CFT-5324','Seat',26);
INSERT INTO "carro" (placa,fabricante,idProprietario) VALUES ('UDP-7520','Acura',53);
INSERT INTO "carro" (placa,fabricante,idProprietario) VALUES ('NDN-0934','Fiat',55);
INSERT INTO "carro" (placa,fabricante,idProprietario) VALUES ('IUZ-9747','Daimler',2);
INSERT INTO "carro" (placa,fabricante,idProprietario) VALUES ('YYF-8208','Jeep',6);
INSERT INTO "carro" (placa,fabricante,idProprietario) VALUES ('XYF-7289','Citroën',19);
INSERT INTO "carro" (placa,fabricante,idProprietario) VALUES ('QBK-4057','Mahindra and Mahindra',79);
INSERT INTO "carro" (placa,fabricante,idProprietario) VALUES ('AFK-0147','Renault',43);
INSERT INTO "carro" (placa,fabricante,idProprietario) VALUES ('CCC-8382','Infiniti',17);
INSERT INTO "carro" (placa,fabricante,idProprietario) VALUES ('FAI-2001','Chrysler',12);
INSERT INTO "carro" (placa,fabricante,idProprietario) VALUES ('LFX-0326','RAM Trucks',20);
INSERT INTO "carro" (placa,fabricante,idProprietario) VALUES ('KNM-9559','Daimler',74);
INSERT INTO "carro" (placa,fabricante,idProprietario) VALUES ('NKS-7050','MINI',51);
INSERT INTO "carro" (placa,fabricante,idProprietario) VALUES ('JGE-0895','Ford',30);
INSERT INTO "carro" (placa,fabricante,idProprietario) VALUES ('SSC-8435','Ford',58);
INSERT INTO "carro" (placa,fabricante,idProprietario) VALUES ('SYP-0323','Audi',4);
INSERT INTO "carro" (placa,fabricante,idProprietario) VALUES ('OQJ-6267','Daimler',55);
INSERT INTO "carro" (placa,fabricante,idProprietario) VALUES ('KFO-1203','Nissan',60);
INSERT INTO "carro" (placa,fabricante,idProprietario) VALUES ('AFX-7311','Kenworth',96);
INSERT INTO "carro" (placa,fabricante,idProprietario) VALUES ('WBZ-3116','Infiniti',95);
INSERT INTO "carro" (placa,fabricante,idProprietario) VALUES ('PKQ-9478','Dacia',4);
INSERT INTO "carro" (placa,fabricante,idProprietario) VALUES ('UKB-5251','Honda',86);
INSERT INTO "carro" (placa,fabricante,idProprietario) VALUES ('OTH-2118','Mercedes-Benz',74);
INSERT INTO "carro" (placa,fabricante,idProprietario) VALUES ('JMY-5453','Dongfeng Motor',31);
INSERT INTO "carro" (placa,fabricante,idProprietario) VALUES ('SGV-7653','Daimler',36);
INSERT INTO "carro" (placa,fabricante,idProprietario) VALUES ('EHM-7142','Peugeot',48);
INSERT INTO "carro" (placa,fabricante,idProprietario) VALUES ('KPA-1050','GMC',42);
INSERT INTO "carro" (placa,fabricante,idProprietario) VALUES ('ONN-7658','GMC',71);
INSERT INTO "carro" (placa,fabricante,idProprietario) VALUES ('CAA-2982','Fiat',34);
INSERT INTO "carro" (placa,fabricante,idProprietario) VALUES ('KVH-8518','Suzuki',94);
INSERT INTO "carro" (placa,fabricante,idProprietario) VALUES ('GVH-5153','Ford',71);
INSERT INTO "carro" (placa,fabricante,idProprietario) VALUES ('JYD-8488','Dongfeng Motor',83);
INSERT INTO "carro" (placa,fabricante,idProprietario) VALUES ('HUN-8658','Audi',65);
INSERT INTO "carro" (placa,fabricante,idProprietario) VALUES ('DLV-9989','Mahindra and Mahindra',21);
INSERT INTO "carro" (placa,fabricante,idProprietario) VALUES ('RCE-1098','Cadillac',78);
INSERT INTO "carro" (placa,fabricante,idProprietario) VALUES ('GGR-1132','Chrysler',25);
INSERT INTO "carro" (placa,fabricante,idProprietario) VALUES ('ABS-2961','Jeep',75);
INSERT INTO "carro" (placa,fabricante,idProprietario) VALUES ('KXB-1509','Seat',75);
INSERT INTO "carro" (placa,fabricante,idProprietario) VALUES ('HKW-9367','Smart',18);
INSERT INTO "carro" (placa,fabricante,idProprietario) VALUES ('YEQ-8516','Tata Motors',59);
INSERT INTO "carro" (placa,fabricante,idProprietario) VALUES ('BGW-3712','Porsche',46);
INSERT INTO "carro" (placa,fabricante,idProprietario) VALUES ('RPR-3972','Kia Motors',6);
INSERT INTO "carro" (placa,fabricante,idProprietario) VALUES ('KCZ-0161','Mitsubishi Motors',18);
INSERT INTO "carro" (placa,fabricante,idProprietario) VALUES ('PYC-8460','Kia Motors',22);
INSERT INTO "carro" (placa,fabricante,idProprietario) VALUES ('NJA-9545','Ferrari',76);
INSERT INTO "carro" (placa,fabricante,idProprietario) VALUES ('ICS-3684','Ferrari',54);
INSERT INTO "carro" (placa,fabricante,idProprietario) VALUES ('SPY-5819','Kia Motors',1);
INSERT INTO "carro" (placa,fabricante,idProprietario) VALUES ('BTO-6850','Porsche',68);
INSERT INTO "carro" (placa,fabricante,idProprietario) VALUES ('PIE-8225','Fiat',86);
INSERT INTO "carro" (placa,fabricante,idProprietario) VALUES ('UOG-2709','Smart',82);
INSERT INTO "carro" (placa,fabricante,idProprietario) VALUES ('NKD-0240','Ford',98);
INSERT INTO "carro" (placa,fabricante,idProprietario) VALUES ('NDB-4959','Audi',98);
INSERT INTO "carro" (placa,fabricante,idProprietario) VALUES ('OVU-5131','Jeep',2);
INSERT INTO "carro" (placa,fabricante,idProprietario) VALUES ('KRN-2461','Ferrari',80);
INSERT INTO "carro" (placa,fabricante,idProprietario) VALUES ('RMO-9351','Audi',96);
INSERT INTO "carro" (placa,fabricante,idProprietario) VALUES ('LBW-6809','Lexus',66);
INSERT INTO "carro" (placa,fabricante,idProprietario) VALUES ('SLN-2526','Chevrolet',24);
INSERT INTO "carro" (placa,fabricante,idProprietario) VALUES ('XOM-5842','Infiniti',7);
INSERT INTO "carro" (placa,fabricante,idProprietario) VALUES ('UTO-4380','Dongfeng Motor',10);
INSERT INTO "carro" (placa,fabricante,idProprietario) VALUES ('GMJ-1515','MINI',18);
INSERT INTO "carro" (placa,fabricante,idProprietario) VALUES ('CVR-9459','Ferrari',53);
INSERT INTO "carro" (placa,fabricante,idProprietario) VALUES ('BIR-9429','Lincoln',33);
INSERT INTO "carro" (placa,fabricante,idProprietario) VALUES ('ZOE-1421','Skoda',74);


---CRIANDO E POPULANDO A TABELA LOCAL

CREATE TABLE local(
rodovia varchar(6) primary key);

insert into local(rodovia) values
('BR-010'),
('BR-020'),
('BR-030'),
('BR-040'),
('BR-050'),
('BR-060'),
('BR-070'),
('BR-080'),
('BR-101'),
('BR-104'),
('BR-110'),
('BR-116'),
('BR-120'),
('BR-122'),
('BR-135'),
('BR-146'),
('BR-153'),
('BR-154'),
('BR-155'),
('BR-156'),
('BR-158'),
('BR-163'),
('BR-174'),
('BR-210'),
('BR-222'),
('BR-226'),
('BR-230'),
('BR-232'),
('BR-235'),
('BR-242'),
('BR-251'),
('BR-259'),
('BR-262'),
('BR-265'),
('BR-267'),
('BR-272'),
('BR-277'),
('BR-280'),
('BR-282'),
('BR-283'),
('BR-285'),
('BR-287'),
('BR-290'),
('BR-293'),
('BR-304'),
('BR-307'),
('BR-308'),
('BR-316'),
('BR-317'),
('BR-319'),
('BR-324'),
('BR-330'),
('BR-342'),
('BR-343'),
('BR-349'),
('BR-352'),
('BR-354'),
('BR-356'),
('BR-359'),
('BR-361'),
('BR-363'),
('BR-364'),
('BR-365'),
('BR-367'),
('BR-369'),
('BR-373'),
('BR-374'),
('BR-376'),
('BR-377'),
('BR-381'),
('BR-383'),
('BR-386'),
('BR-392'),
('BR-393'),
('BR-401'),
('BR-402'),
('BR-403'),
('BR-404'),
('BR-405'),
('BR-406'),
('BR-407'),
('BR-408'),
('BR-409'),
('BR-410'),
('BR-411'),
('BR-412'),
('BR-413'),
('BR-414'),
('BR-415'),
('BR-416'),
('BR-417'),
('BR-418'),
('BR-419'),
('BR-420'),
('BR-421'),
('BR-422'),
('BR-423'),
('BR-424'),
('BR-425'),
('BR-426'),
('BR-427'),
('BR-428'),
('BR-429'),
('BR-430'),
('BR-431'),
('BR-432'),
('BR-433'),
('BR-434'),
('BR-435'),
('BR-436'),
('BR-437'),
('BR-439'),
('BR-440'),
('BR-447'),
('BR-448'),
('BR-450'),
('BR-451'),
('BR-452'),
('BR-453'),
('BR-454'),
('BR-455'),
('BR-456'),
('BR-457'),
('BR-458'),
('BR-459'),
('BR-460'),
('BR-461'),
('BR-462'),
('BR-463'),
('BR-464'),
('BR-465'),
('BR-466'),
('BR-467'),
('BR-468'),
('BR-469'),
('BR-470'),
('BR-471'),
('BR-472'),
('BR-473'),
('BR-474'),
('BR-475'),
('BR-476'),
('BR-477'),
('BR-478'),
('BR-479'),
('BR-480'),
('BR-481'),
('BR-482'),
('BR-483'),
('BR-484'),
('BR-485'),
('BR-486'),
('BR-487'),
('BR-488'),
('BR-489'),
('BR-490'),
('BR-491'),
('BR-492'),
('BR-493'),
('BR-494'),
('BR-495'),
('BR-496'),
('BR-497'),
('BR-498'),
('BR-499'),
('BR-600'),
('BR-610');

--- CRIANDO E POPULANDO A TABELA MULTA

CREATE TABLE multa (
    idmulta varchar(6) primary key,
    descmulta varchar(200),
    artigo varchar(20),
    pontos int,
    valor numeric(11,2)
);


INSERT INTO multa VALUES ('501-00', 'DIRIGIR VEICULO SEM POSSUIR CNH OU PERMISSAO PARA DIRIGIR', '162 * I', 7, 574.62);
INSERT INTO multa VALUES ('502-91', 'DIRIGIR VEICULO COM CNH OU PPD CASSADA', '162 * II', 7, 957.70);
INSERT INTO multa VALUES ('502-92', 'DIRIGIR VEICULO COM CNH OU PPD COM SUSPENSAO DO DIREITO DE DIRIGIR', '162 * II', 7, 957.70);
INSERT INTO multa VALUES ('502-93', 'DIRIGIR VEICULO COM CNH OU PPD COM SUSPENSAO DO DIREITO DE DIRIGIR', '162 * II', 7, 957.70);
INSERT INTO multa VALUES ('503-71', 'DIRIGIR VEICULO COM CNH DE CATEGORIA DIFERENTE DA DO VEICULO', '162 * III', 7, 574.62);
INSERT INTO multa VALUES ('503-72', 'DIRIGIR VEICULO COM PPD DE CATEGORIA DIFERENTE DA DO VEICULO', '162 * III', 7, 574.62);
INSERT INTO multa VALUES ('504-50', 'DIRIGIR VEICULO COM VALIDADE DA CNH VENCIDA HA MAIS DE 30 DIAS', '162 * V', 7, 191.54);
INSERT INTO multa VALUES ('505-31', 'DIRIGIR VEICULO SEM USAR LENTES CORRETORAS DE VISAO', '162 * VI', 7, 191.54);
INSERT INTO multa VALUES ('505-32', 'DIRIGIR VEICULO SEM USAR APARELHO AUXILIAR DE AUDICAO', '162 * VI', 7, 191.54);
INSERT INTO multa VALUES ('505-33', 'DIRIGIR VEICULO SEM USAR APARELHO AUXILIAR DE PROTESE FISICA', '162 * VI', 7, 191.54);
INSERT INTO multa VALUES ('505-34', 'DIRIGIR VEICULO S/ ADAPTACOES IMPOSTAS NA CONCESSAO/RENOVACAO LICENCA CONDUZIR', '162 * VI', 7, 191.54);
INSERT INTO multa VALUES ('506-10', 'ENTREGAR VEICULO A PESSOA SEM CNH OU PERMISSAO PARA DIRIGIR', '163 c/c 162 * I', 7, 574.62);
INSERT INTO multa VALUES ('507-01', 'ENTREGAR VEICULO A PESSOA COM CNH OU PPD CASSADA', '163 c/c 162 * II', 7, 957.70);
INSERT INTO multa VALUES ('507-02', 'ENTREGAR VEICULO A PESSOA COM CNH OU PPD COM SUSPENSAO DO DIREITO DE DIRIGIR', '163 c/c 162 * II', 7, 957.70);
INSERT INTO multa VALUES ('507-03', 'ENTREGAR VEICULO A PESSOA COM CNH OU PPD COM SUSPENSAO DO DIREITO DE DIRIGIR', '163 c/c 162 * II', 7, 957.70);
INSERT INTO multa VALUES ('508-81', 'ENTREGAR VEICULO A PESSOA COM CNH DE CATEGORIA DIFERENTE DA DO VEICULO', '163 c/c 162 * III', 7, 574.62);
INSERT INTO multa VALUES ('508-82', 'ENTREGAR VEICULO A PESSOA COM PPD DE CATEGORIA DIFERENTE DA DO VEICULO', '163 c/c 162 * III', 7, 574.62);
INSERT INTO multa VALUES ('509-60', 'ENTREGAR VEICULO A PESSOA COM CNH VENCIDA HA MAIS DE 30 DIAS', '163 c/c 162 * V', 7, 191.54);
INSERT INTO multa VALUES ('510-01', 'ENTREGAR O VEICULO A PESSOA SEM USAR LENTES CORRETORAS DE VISAO', '163 c/c 162 * VI', 7, 191.54);
INSERT INTO multa VALUES ('510-02', 'ENTREGAR O VEICULO A PESSOA SEM USAR APARELHO AUXILIAR DE AUDICAO', '163 c/c 162 * VI', 7, 191.54);
INSERT INTO multa VALUES ('510-03', 'ENTREGAR O VEICULO A PESSOA SEM APARELHO DE PROTESE FISICA', '163 c/c 162 * VI', 7, 191.54);
INSERT INTO multa VALUES ('510-04', 'ENTREGAR VEIC PESSOA S/ ADAPTACOES IMPOSTAS CONCESSAO/RENOVACAO LICENCA CONDUZIR', '163 c/c 162 * VI', 7, 191.54);
INSERT INTO multa VALUES ('511-80', 'PERMITIR POSSE/CONDUCAO DO VEICULO A PESSOA SEM CNH OU PPD', '164 c/c 162 * I', 7, 574.62);
INSERT INTO multa VALUES ('512-61', 'PERMITIR POSSE/CONDUCAO DO VEICULO A PESSOA COM CNH OU PPD CASSADA', '164 c/c 162 * II', 7, 957.70);
INSERT INTO multa VALUES ('512-62', 'PERMITIR POSSE/CONDUCAO DO VEICULO A PESSOA COM CNH OU PPD C/ SUSPENSAO DODIREITO DE DIRIGIR', '164 c/c 162 * II', 7, 957.70);
INSERT INTO multa VALUES ('512-63', 'PERMITIR POSSE/CONDUCAO VEIC PESSOA COM CNH/PPD C/ SUSPENSAO DIREITO DE DIRIGIR', '164 c/c 162 * II', 7, 957.70);
INSERT INTO multa VALUES ('513-41', 'PERMITIR POSSE/CONDUCAO VEIC A PESSOA COM CNH CATEGORIA DIFERENTE DA DO VEICULO', '164 c/c 162 * III', 7, 574.62);
INSERT INTO multa VALUES ('513-42', 'PERMITIR POSSE/CONDUCAO VEIC A PESSOA COM PPD CATEGORIA DIFERENTE DA DO VEICULO', '164 c/c 162 * III', 7, 574.62);
INSERT INTO multa VALUES ('514-20', 'PERMITIR POSSE/CONDUCAO DO VEICULO A PESSOA COM CNH VENCIDA HA MAIS DE 30 DIAS', '164 c/c 162 * V', 7, 191.54);
INSERT INTO multa VALUES ('515-01', 'PERMITIR POSSE/CONDUCAO DO VEICULO A PESSOA SEM USAR LENTES CORRETORAS DE VISAO', '164 c/c 162 * VI', 7, 191.54);
INSERT INTO multa VALUES ('515-02', 'PERMITIR POSSE/CONDUCAO DO VEICULO A PESSOA S/ USAR APARELHO AUXILIAR DE AUDICAO', '164 c/c 162 * VI', 7, 191.54);
INSERT INTO multa VALUES ('515-03', 'PERMITIR POSSE/CONDUCAO DO VEICULO A PESSOA SEM USAR APARELHO DE PROTESE FISICA', '164 c/c 162 * VI', 7, 191.54);
INSERT INTO multa VALUES ('515-04', 'PERMITIR POSSE/COND VEIC S/ ADAPTACOES IMPOSTAS CONCESSAO/RENOVACAO LICENCA COND', '164 c/c 162 * VI', 7, 191.54);
INSERT INTO multa VALUES ('516-91', 'DIRIGIR SOB A INFLUENCIA DE ALCOOL', '165 C/LEI 12760/2012', 7, 1915.40);
INSERT INTO multa VALUES ('516-92', 'DIRIGIR SOB INFLUENCIA DE QUALQUER OUTRA SUBSTANCIA QUE DETERMINE DEPENDENCIA', '165 C/LEI 12760/2012', 7, 1915.40);
INSERT INTO multa VALUES ('517-70', 'CONFIAR/ENTREGAR VEIC PESS C/ ESTADO FISICO/PSIQUICO S/ CONDICOES DIRIGIR SEGUR', '166', 7, 191.54);
INSERT INTO multa VALUES ('518-51', 'DEIXAR O CONDUTOR DE USAR O CINTO SEGURANCA', '167', 5, 127.69);
INSERT INTO multa VALUES ('518-52', 'DEIXAR O PASSAGEIRO DE USAR O CINTO SEGURANCA', '167', 5, 127.69);
INSERT INTO multa VALUES ('519-30', 'TRANSPORTAR CRIANCA SEM OBSERVANCIA DAS NORMAS DE SEGURANCA ESTABELECIDAS P/ CTB', '168', 7, 191.54);
INSERT INTO multa VALUES ('520-70', 'DIRIGIR SEM ATENCAO OU SEM OS CUIDADOS INDISPENSAVEIS A SEGURANCA', '169', 3, 53.20);
INSERT INTO multa VALUES ('521-51', 'DIRIGIR AMEACANDO OS PEDESTRES QUE ESTEJAM ATRAVESSANDO A VIA PUBLICA', '170', 7, 191.54);
INSERT INTO multa VALUES ('521-52', 'DIRIGIR AMEACANDO OS DEMAIS VEICULOS', '170', 7, 191.54);
INSERT INTO multa VALUES ('522-31', 'USAR VEICULO PARA ARREMESSAR SOBRE OS PEDESTRES AGUA OU DETRITOS', '171', 4, 85.13);
INSERT INTO multa VALUES ('522-32', 'USAR VEICULO PARA ARREMESSAR SOBRE OS VEICULOS AGUA OU DETRITOS', '171', 4, 85.13);
INSERT INTO multa VALUES ('523-11', 'ATIRAR DO VEICULO OBJETOS OU SUBSTANCIAS', '172', 4, 85.13);
INSERT INTO multa VALUES ('523-12', 'ABANDONAR NA VIA OBJETOS OU SUBSTANCIAS', '172', 4, 85.13);
INSERT INTO multa VALUES ('524-00', 'DISPUTAR CORRIDA POR ESPIRITO DE EMULAÇÃO', '173', 7, 1915.40);
INSERT INTO multa VALUES ('525-81', 'PROMOVER NA VIA EVENTO DE COMPETIÇÃO ESPORTIVA SEM PERMISSÃO', '174', 7, 1915.40);
INSERT INTO multa VALUES ('525-82', 'PROMOVER NA VIA EVENTOS ORGANIZADOS SEM PERMISSAO', '174', 7, 1915.40);
INSERT INTO multa VALUES ('525-83', 'PROMOVER NA VIA EXIBIÇÃO E DEMONSTRAÇÃO DE PERÍCIA EM MANOBRA DE VEÍCULO SEM PERMISSÃO', '174', 7, 1915.40);
INSERT INTO multa VALUES ('526-61', 'PARTICIPAR NA VIA COMO CONDUTOR EM COMPETIÇÃO ESPORTIVA, SEM PERMISSÃO', '174', 7, 1915.40);
INSERT INTO multa VALUES ('526-62', 'PARTICIPAR NA VIA COMO CONDUTOR EM EVENTO ORGANIZADO, SEM PERMISSÃO', '174', 7, 1915.40);
INSERT INTO multa VALUES ('526-63', 'PARTICIPAR COMO CONDUTOR EXIBICIONISTA/DEMONSTRANDO PERÍCIA EM MANOBRA DE VEÍCULO, SEM PERMISSÃO', '174', 7, 1915.40);
INSERT INTO multa VALUES ('527-41', 'UTILIZAR VEÍCULO PARA DEMONSTRAR OU EXIBIR MANOBRA PERIGOSA / ARRANCADA BRUSCA / DERRAPAGEM OU FRENAGEM', '175', 7, 1915.40);
INSERT INTO multa VALUES ('527-42', 'UTILIZAR-SE DE VEÍCULO PARA DEMONSTRAR OU EXIBIR ARRANCADA BRUSCA', '175', 7, 1915.40);
INSERT INTO multa VALUES ('527-43', 'UTILIZAR-SE DE VEÍCULO PARA DEMONSTRAR OU EXIBIR DERRAPAGEM OU FRENAGEM', '175', 7, 1915.40);
INSERT INTO multa VALUES ('528-20', 'DEIXAR O COND ENVOLVIDO EM ACIDENTE, DE PRESTAR OU PROVIDENCIAR SOCORRO A VITIMA', '176 * I', 7, 957.70);
INSERT INTO multa VALUES ('529-00', 'DEIXAR O COND ENVOLVIDO EM ACID, DE ADOTAR PROVID P/ EVITAR PERIGO P/O TRANSITO', '176 * II', 7, 957.70);
INSERT INTO multa VALUES ('530-40', 'DEIXAR O COND ENV/ EM ACIDENTE COM VITIMA,DE PRESERVAR O LOCAL P/TRAB/ POLICIA/PERICIA', '176 * III', 7, 957.70);
INSERT INTO multa VALUES ('531-20', 'DEIXAR O COND ENVOLVIDO EM ACID, DE REMOVER O VEIC LOCAL QDO DETERM POLIC/AGENTE', '176 * IV', 7, 957.70);
INSERT INTO multa VALUES ('532-00', 'DEIXAR O COND ENVOLVIDO EM ACID, DE IDENTIFICAR-SE POLICIAL E PRESTAR INF P/O BO', '176 * V', 7, 957.70);
INSERT INTO multa VALUES ('533-90', 'DEIXAR O COND DE PRESTAR SOCORRO VITIMA ACID DE TRANSITO, QDO SOLICIT P/ AGENTE', '177', 5, 127.69);
INSERT INTO multa VALUES ('534-70', 'DEIXAR O CONDUTOR ENVOLVIDO EM ACIDENTE S/ VITIMA, DE REMOVER O VEICULO DO LOCAL', '178', 4, 85.13);
INSERT INTO multa VALUES ('535-50', 'FAZER OU DEIXAR QUE SE FACA REPARO EM VEIC, EM RODOVIA E VIA DE TRANSITO RAPIDO', '179 * I', 5, 127.69);
INSERT INTO multa VALUES ('536-30', 'FAZER/DEIXAR QUE SE FACA REPARO EM VEIC NAS VIAS (Q NAO RODOVIA/TRANSITO RAPIDO)', '179 * II', 3, 53.20);
INSERT INTO multa VALUES ('537-10', 'TER SEU VEICULO IMOBILIZADO NA VIA POR FALTA DE COMBUSTIVEL', '180', 4, 85.13);
INSERT INTO multa VALUES ('538-00', 'ESTACIONAR NAS ESQUINAS E A MENOS DE 5M DO ALINHAMENTO DA VIA TRANSVERSAL', '181 * I', 4, 85.13);
INSERT INTO multa VALUES ('539-80', 'ESTACIONAR AFASTADO DA GUIA DA CALCADA (MEIO-FIO) DE 50CM A 1M', '181 * II', 3, 53.20);
INSERT INTO multa VALUES ('540-10', 'ESTACIONAR AFASTADO DA GUIA DA CALCADA (MEIO-FIO) A MAIS DE 1M', '181 * III', 5, 127.69);
INSERT INTO multa VALUES ('541-00', 'ESTACIONAR EM DESACORDO COM AS POSICOES ESTABELECIDAS NO CTB', '181 * IV', 4, 85.13);
INSERT INTO multa VALUES ('542-81', 'ESTACIONAR NA PISTA DE ROLAMENTO DAS ESTRADAS', '181 * V', 7, 191.54);
INSERT INTO multa VALUES ('542-82', 'ESTACIONAR NA PISTA DE ROLAMENTO DAS RODOVIAS', '181 * V', 7, 191.54);
INSERT INTO multa VALUES ('542-83', 'ESTACIONAR NA PISTA DE ROLAMENTO DAS VIAS DE TRANSITO RAPIDO', '181 * V', 7, 191.54);
INSERT INTO multa VALUES ('542-84', 'ESTACIONAR NA PISTA DE ROLAMENTO DAS VIAS DOTADAS DE ACOSTAMENTO', '181 * V', 7, 191.54);
INSERT INTO multa VALUES ('543-60', 'ESTACIONAR JUNTO/SOBRE HIDR DE INCENDIO, REG DE AGUA/TAMPA DE POCO VISIT GAL SUB', '181 * VI', 4, 85.13);
INSERT INTO multa VALUES ('544-40', 'ESTACIONAR O VEICULO NOS ACOSTAMENTOS', '181 * VII', 3, 53.20);
INSERT INTO multa VALUES ('545-00', 'ESTACIONAR VEÍCULO SOBRE A CALÇADA OU FAIXA DE PEDESTRES', '181 * VIII', 5, 127.69);
INSERT INTO multa VALUES ('545-21', 'ESTACIONAR NO PASSEIO', '181 * VIII', 5, 127.69);
INSERT INTO multa VALUES ('545-22', 'ESTACIONAR SOBRE FAIXA DESTINADA A PEDESTRE', '181 * VIII', 5, 127.69);
INSERT INTO multa VALUES ('545-23', 'ESTACIONAR SOBRE CICLOVIA OU CICLOFAIXA', '181 * VIII', 5, 127.69);
INSERT INTO multa VALUES ('545-24', 'ESTACIONAR NAS ILHAS OU REFUGIOS', '181 * VIII', 5, 127.69);
INSERT INTO multa VALUES ('545-25', 'ESTACIONAR AO LADO OU SOBRE CANTEIRO CENTRAL OU DIVISORES DE PISTA DE ROLAMENTO', '181 * VIII', 5, 127.69);
INSERT INTO multa VALUES ('545-26', 'ESTACIONAR AO LADO OU SOBRE MARCAS DE CANALIZACAO', '181 * VIII', 5, 127.69);
INSERT INTO multa VALUES ('545-27', 'ESTACIONAR AO LADO OU SOBRE GRAMADO OU JARDIM PUBLICO', '181 * VIII', 5, 127.69);
INSERT INTO multa VALUES ('546-00', 'ESTACIONAR EM GUIA DE CALCADA REBAIXADA DESTINADA A ENTRADA/SAIDA DE VEICULOS', '181 * IX', 4, 85.13);
INSERT INTO multa VALUES ('547-90', 'ESTACIONAR IMPEDINDO A MOVIMENTACAO DE OUTRO VEICULO', '181 * X', 4, 85.13);
INSERT INTO multa VALUES ('548-70', 'ESTACIONAR AO LADO DE OUTRO VEICULO EM FILA DUPLA', '181 * XI', 5, 127.69);
INSERT INTO multa VALUES ('549-50', 'ESTACIONAR NA AREA DE CRUZAMENTO DE VIAS', '181 * XII', 5, 127.69);
INSERT INTO multa VALUES ('550-90', 'ESTACIONAR NO PONTO DE EMBARQUE/DESEMBARQUE DE PASSAGEIROS TRANSPORTE COLETIVO', '181 * XIII', 4, 85.13);
INSERT INTO multa VALUES ('551-71', 'ESTACIONAR NOS VIADUTOS', '181 * XIV', 5, 127.69);
INSERT INTO multa VALUES ('551-72', 'ESTACIONAR NAS PONTES', '181 * XIV', 5, 127.69);
INSERT INTO multa VALUES ('551-73', 'ESTACIONAR NOS TUNEIS', '181 * XIV', 5, 127.69);
INSERT INTO multa VALUES ('552-50', 'ESTACIONAR VEICULO NA CONTRAMAO DE DIRECAO', '181 * XV', 4, 85.13);
INSERT INTO multa VALUES ('553-30', 'ESTACIONAR ACLIVE/DECLIVE N FREADO E SEM CALCO SEGURANCA, PBT SUPERIOR A 3500KG', '181 * XVI', 5, 127.69);
INSERT INTO multa VALUES ('554-11', 'ESTACIONAR EM DESACORDO COM A REGULAMENTACAO ESPECIFICADA PELA SINALIZACAO', '181 * XVII', 3, 53.20);
INSERT INTO multa VALUES ('554-12', 'ESTACIONAR EM DESACORDO COM A REGULAMENTACAO - ESTACIONAMENTO ROTATIVO', '181 * XVII', 3, 53.20);
INSERT INTO multa VALUES ('554-13', 'ESTACIONAR EM DESACORDO COM A REGULAMENTACAO - PONTO OU VAGA DE TAXI', '181 * XVII', 3, 53.20);
INSERT INTO multa VALUES ('554-14', 'ESTACIONAR EM DESACORDO COM A REGULAMENTACAO - VAGA DE CARGA/DESCARGA', '181 * XVII', 3, 53.20);
INSERT INTO multa VALUES ('554-15', 'ESTACIONAR EM DESACORDO COM A REGULAMENTACAO - VAGA PORTADOR NECESSID ESPECIAIS', '181 * XVII', 3, 53.20);
INSERT INTO multa VALUES ('554-16', 'ESTACIONAR EM DESACORDO COM A REGULAMENTACAO - VAGA IDOSO', '181 * XVII', 3, 53.20);
INSERT INTO multa VALUES ('554-17', 'ESTACIONAR O VEICULO EM DESACORDO COM A REGULAMENTACAO - VAGA DE CURTA DURACAO', '181* XVII', 3, 53.20);
INSERT INTO multa VALUES ('555-00', 'ESTACIONAR EM LOCAL/HORARIO PROIBIDO ESPECIFICAMENTE PELA SINALIZACAO', '181 * XVIII', 4, 85.13);
INSERT INTO multa VALUES ('556-80', 'ESTACIONAR LOCAL/HORARIO DE ESTACIONAMENTO E PARADA PROIBIDOS PELA SINALIZACAO', '181 * XIX', 5, 127.69);
INSERT INTO multa VALUES ('557-60', 'PARAR NAS ESQUINAS E A MENOS 5M DO BORDO DO ALINHAMENTO DA VIA TRANSVERSAL', '182 * I', 4, 85.13);
INSERT INTO multa VALUES ('558-40', 'PARAR AFASTADO DA GUIA DA CALCADA (MEIO-FIO) DE 50CM A 1M', '182 * II', 3, 53.20);
INSERT INTO multa VALUES ('559-20', 'PARAR AFASTADO DA GUIA DA CALCADA (MEIO-FIO) A MAIS DE 1M', '182 * III', 4, 85.13);
INSERT INTO multa VALUES ('560-60', 'PARAR EM DESACORDO COM AS POSICOES ESTABELECIDAS NO CTB', '182 * IV', 3, 53.20);
INSERT INTO multa VALUES ('561-41', 'PARAR NA PISTA DE ROLAMENTO DAS ESTRADAS', '182 * V', 5, 127.69);
INSERT INTO multa VALUES ('561-42', 'PARAR NA PISTA DE ROLAMENTO DAS RODOVIAS', '182 * V', 5, 127.69);
INSERT INTO multa VALUES ('561-43', 'PARAR NA PISTA DE ROLAMENTO DAS VIAS DE TRANSITO RAPIDO', '182 * V', 5, 127.69);
INSERT INTO multa VALUES ('561-44', 'PARAR NA PISTA DE ROLAMENTO DAS DEMAIS VIAS DOTADAS ACOSTAMENTO', '182 * V', 5, 127.69);
INSERT INTO multa VALUES ('562-21', 'PARAR NO PASSEIO', '182 * VI', 3, 53.20);
INSERT INTO multa VALUES ('562-22', 'PARAR SOBRE FAIXA DESTINADA A PEDESTRES', '182 * VI', 3, 53.20);
INSERT INTO multa VALUES ('562-23', 'PARAR NAS ILHAS OU REFUGIOS', '182 * VI', 3, 53.20);
INSERT INTO multa VALUES ('562-24', 'PARAR NOS CANTEIROS CENTRAIS OU DIVISORES DE PISTA DE ROLAMENTO', '182 * VI', 3, 53.20);
INSERT INTO multa VALUES ('562-25', 'PARAR NAS MARCAS DE CANALIZACAO', '182 * VI', 3, 53.20);
INSERT INTO multa VALUES ('563-00', 'PARAR NA AREA DE CRUZAMENTO DE VIAS', '182 * VII', 4, 85.13);
INSERT INTO multa VALUES ('564-91', 'PARAR NOS VIADUTOS', '182 * VIII', 4, 85.13);
INSERT INTO multa VALUES ('564-92', 'PARAR NAS PONTES', '182 * VIII', 4, 85.13);
INSERT INTO multa VALUES ('564-93', 'PARAR NOS TUNEIS', '182 * VIII', 4, 85.13);
INSERT INTO multa VALUES ('565-70', 'PARAR NA CONTRA MAO DE DIRECAO', '182 * IX', 4, 85.13);
INSERT INTO multa VALUES ('566-50', 'PARAR EM LOCAL/HORARIO PROIBIDOS ESPECIFICAMENTE PELA SINALIZACAO', '182 * X', 4, 85.13);
INSERT INTO multa VALUES ('567-31', 'PARAR SOBRE FAIXA DE PEDESTRES NA MUDANCA DE SINAL LUMINOSO', '183', 4, 85.13);
INSERT INTO multa VALUES ('567-32', 'PARAR SOBRE FAIXA DE PEDESTRES NA MUDANCA DE SINAL LUMINOSO (FISC ELETRENICA)', '183', 4, 85.13);
INSERT INTO multa VALUES ('568-10', 'TRANSITAR NA FAIXA/PISTA DA DIREITA REGUL CIRCULACAO EXCLUSIVA DETERM VEICULO', '184 * I', 3, 53.20);
INSERT INTO multa VALUES ('569-00', 'TRANSITAR NA FAIXA/PISTA DA ESQUERDA REGUL CIRCULACAO EXCLUSIVA DETERM VEICULO', '184 * II', 5, 127.69);
INSERT INTO multa VALUES ('570-30', 'DEIXAR DE CONSERVAR O VEICULO NA FAIXA A ELE DESTINADA PELA SINALIZACAO DE REGULAMENTACAO', '185 * I', 4, 85.13);
INSERT INTO multa VALUES ('571-10', 'DEIXAR DE CONSERVAR NAS FAIXAS DA DIREITA O VEICULO LENTO E DE MAIOR PORTE', '185 * II', 4, 85.13);
INSERT INTO multa VALUES ('572-00', 'TRANSITAR PELA CONTRAMAO DE DIRECAO EM VIA COM DUPLO SENTIDO DE CIRCULACAO', '186 * I', 5, 127.69);
INSERT INTO multa VALUES ('573-80', 'TRANSITAR PELA CONTRAMAO DE DIRECAO EM VIA C/ SINALIZACAO DE REGUL SENTIDO UNICO', '186 * II', 7, 191.54);
INSERT INTO multa VALUES ('574-61', 'TRANSITAR EM LOCAL/HORARIO NAO PERMITIDO PELA REGUL ESTABELECIDA PELA AUTORIDADE', '187 * I', 4, 85.13);
INSERT INTO multa VALUES ('574-62', 'TRANSITAR EM LOCAL/HORARIO NAO PERMITIDO PELA REGULAMENTACAO - RODIZIO', '187 * I', 4, 85.13);
INSERT INTO multa VALUES ('574-63', 'TRANSITAR EM LOCAL/HORARIO NAO PERMITIDO PELA REGULAMENTACAO - CAMINHAO CARGA', '187 * I', 4, 85.13);
INSERT INTO multa VALUES ('576-20', 'TRANSITAR AO LADO DE OUTRO VEICULO, INTERROMPENDO OU PERTURBANDO O TRANSITO', '188', 4, 85.13);
INSERT INTO multa VALUES ('577-01', 'DEIXAR DE DAR PASSAGEM A VEIC PRECEDIDO DE BATEDORES DEVIDAMENTE IDENTIFICADOS', '189', 7, 191.54);
INSERT INTO multa VALUES ('577-02', 'DEIXAR DE DAR PASSAGEM A VEIC SOCORRO DE INCENDIO EM SERV URGENCIA DEVID IDENTIF', '189', 7, 191.54);
INSERT INTO multa VALUES ('577-03', 'DEIXAR DE DAR PASSAGEM A VEIC DE POLICIA EM SERVICO DE URGENCIA DEVID IDENTIF', '189', 7, 191.54);
INSERT INTO multa VALUES ('577-04', 'DEIXAR DE DAR PASSAGEM A VEIC DE OPERACAO E FISCALIZACAO DE TRANSITO DEVID IDENT', '189', 7, 191.54);
INSERT INTO multa VALUES ('577-05', 'DEIXAR DE DAR PASSAGEM A AMBULANCIA EM SERVICO DE URGENCIA DEVID IDENTIFICADA', '189', 7, 191.54);
INSERT INTO multa VALUES ('578-90', 'SEGUIR VEICULO EM SERV URGENCIA DEVID IDENTIFIC P/ ALARME SONORO/ILUM VERMELHA', '190', 5, 127.69);
INSERT INTO multa VALUES ('579-70', 'Forçar passagem entre veículos que, transitando em sentidos opostos, estejam na iminência de passar um pelo outro ao realizar operação de ultrapassagem', '191', 7, 1915.40);
INSERT INTO multa VALUES ('580-00', 'DEIXAR GUARDAR DIST SEGURANCA LAT/FRONT ENTRE SEU VEIC E DEMAIS E AO BORDO PISTA', '192', 5, 127.69);
INSERT INTO multa VALUES ('581-91', 'TRANSITAR COM O VEICULO EM CALCADAS, PASSEIOS', '193', 7, 574.62);
INSERT INTO multa VALUES ('581-92', 'TRANSITAR COM O VEICULO EM CICLOVIAS, CICLOFAIXAS', '193', 7, 574.62);
INSERT INTO multa VALUES ('581-93', 'TRANSITAR COM O VEICULO EM AJARDINAMENTOS, GRAMADOS, JARDINS PUBLICOS', '193', 7, 574.62);
INSERT INTO multa VALUES ('581-94', 'TRANSITAR COM O VEICULO EM CANTEIROS CENTRAIS', '193', 7, 574.62);
INSERT INTO multa VALUES ('581-95', 'TRANSITAR COM O VEICULO EM ILHAS, REFUGIOS', '193', 7, 574.62);
INSERT INTO multa VALUES ('581-96', 'TRANSITAR COM O VEICULO EM MARCAS DE CANALIZACAO', '193', 7, 574.62);
INSERT INTO multa VALUES ('581-97', 'TRANSITAR COM O VEICULO EM ACOSTAMENTOS', '193', 7, 574.62);
INSERT INTO multa VALUES ('581-98', 'TRANSITAR COM O VEICULO EM PASSARELAS', '193', 7, 574.62);
INSERT INTO multa VALUES ('582-70', 'TRANSITAR EM MARCHA RE, SALVO NA DISTANCIA NECESSARIA A PEQUENAS MANOBRAS', '194', 5, 127.69);
INSERT INTO multa VALUES ('583-50', 'DESOBEDECER AS ORDENS EMANADAS DA AUTORID COMPET DE TRANSITO OU DE SEUS AGENTES', '195', 5, 127.69);
INSERT INTO multa VALUES ('584-31', 'DEIXAR DE INDICAR C/ ANTEC, MED GESTO DE BRACO/LUZ INDICADORA, INICIO DA MARCHA', '196', 5, 127.69);
INSERT INTO multa VALUES ('584-32', 'DEIXAR DE INDICAR C/ ANTEC, MED GESTO DE BRACO/LUZ INDICADORA, MANOBRA DE PARAR', '196', 5, 127.69);
INSERT INTO multa VALUES ('584-33', 'DEIXAR DE INDICAR C/ ANTEC, MED GESTO DE BRACO/LUZ INDICADORA, MUDANCA DIRECAO', '196', 5, 127.69);
INSERT INTO multa VALUES ('584-34', 'DEIXAR DE INDICAR C/ ANTEC, MED GESTO DE BRACO/LUZ INDICADORA, MUDANCA DE FAIXA', '196', 5, 127.69);
INSERT INTO multa VALUES ('585-11', 'DEIXAR DE DESLOCAR C/ANTECEDENCIA VEIC P/ FAIXA MAIS A ESQUERDA QDO FOR MANOBRAR', '197', 4, 85.13);
INSERT INTO multa VALUES ('585-12', 'DEIXAR DE DESLOCAR C/ANTECEDENCIA VEIC P/ FAIXA MAIS A DIREITA QDO FOR MANOBRAR', '197', 4, 85.13);
INSERT INTO multa VALUES ('586-00', 'DEIXAR DE DAR PASSAGEM PELA ESQUERDA, QUANDO SOLICITADO.', '198', 4, 85.13);
INSERT INTO multa VALUES ('587-80', 'ULTRAPASSAR PELA DIREITA, SALVO QUANDO O VEICULO DA FRENTE DER SINAL P/ ENTRAR ESQUERDA', '199', 4, 85.13);
INSERT INTO multa VALUES ('588-60', 'ULTRAP PELA DIREITA VEIC DE TRANSP COLETIVO PARADO PARA EMB/DESEMB PASSAGEIROS', '200', 7, 191.54);
INSERT INTO multa VALUES ('589-40', 'DEIXAR DE GUARDAR A DISTANCIA LATERAL DE 1,50M AO PASSAR/ULTRAPASSAR BICICLETA', '201', 4, 85.13);
INSERT INTO multa VALUES ('590-80', 'ULTRAPASSAR PELO ACOSTAMENTO.', '202 * I', 7, 957.70);
INSERT INTO multa VALUES ('591-61', 'ULTRAPASSAR EM INTERSECOES', '202 * II', 5, 957.70);
INSERT INTO multa VALUES ('591-62', 'ULTRAPASSAR EM PASSAGEM DE NIVEL', '202 * II', 5, 957.70);
INSERT INTO multa VALUES ('592-41', 'ULTRAPASSAGEM PROIBIDA PELA CONTRAMAO NAS CURVAS SEM VISIBILIDADE SUFICIENTE', '203 * I', 7, 957.70);

---criando e populando a tabela ocorrencia

CREATE TABLE ocorrencia (
    idocorrencia int primary key,
    placa varchar(8),
    idmulta varchar(6),
    idlocal varchar(6),
    data date,
	foreign key (idmulta) references multa(idmulta),
	foreign key (idlocal) references local(rodovia)
);

INSERT INTO ocorrencia VALUES (1, 'YXG-9825', '501-00', 'BR-010', '2017-01-01');
INSERT INTO ocorrencia VALUES (2, 'SYF-5793', '510-04', 'BR-163', '2017-01-01');
INSERT INTO ocorrencia VALUES (3, 'HVA-9819', '522-31', 'BR-290', '2017-01-01');
INSERT INTO ocorrencia VALUES (4, 'KUX-8969', '502-91', 'BR-020', '2017-01-02');
INSERT INTO ocorrencia VALUES (5, 'WWT-4986', '511-80', 'BR-174', '2017-01-02');
INSERT INTO ocorrencia VALUES (6, 'VBG-6042', '522-32', 'BR-293', '2017-01-02');
INSERT INTO ocorrencia VALUES (7, 'RUQ-0963', '502-92', 'BR-030', '2017-01-03');
INSERT INTO ocorrencia VALUES (8, 'DPA-3139', '512-61', 'BR-210', '2017-01-03');
INSERT INTO ocorrencia VALUES (9, 'ITZ-9277', '523-11', 'BR-304', '2017-01-03');
INSERT INTO ocorrencia VALUES (10, 'BTD-2001', '502-93', 'BR-040', '2017-01-04');
INSERT INTO ocorrencia VALUES (11, 'DER-7990', '512-62', 'BR-222', '2017-01-04');
INSERT INTO ocorrencia VALUES (12, 'FHK-2707', '523-12', 'BR-307', '2017-01-04');
INSERT INTO ocorrencia VALUES (13, 'PPD-0535', '503-71', 'BR-050', '2017-01-05');
INSERT INTO ocorrencia VALUES (14, 'EHF-7857', '512-63', 'BR-226', '2017-01-05');
INSERT INTO ocorrencia VALUES (15, 'WHB-1041', '524-00', 'BR-308', '2017-01-05');
INSERT INTO ocorrencia VALUES (16, 'LMM-9094', '503-72', 'BR-060', '2017-01-06');
INSERT INTO ocorrencia VALUES (17, 'DAN-7708', '513-41', 'BR-230', '2017-01-06');
INSERT INTO ocorrencia VALUES (18, 'XHR-0181', '525-81', 'BR-316', '2017-01-06');
INSERT INTO ocorrencia VALUES (19, 'VYV-0563', '504-50', 'BR-070', '2017-01-07');
INSERT INTO ocorrencia VALUES (20, 'EZF-6509', '513-42', 'BR-232', '2017-01-07');
INSERT INTO ocorrencia VALUES (21, 'OPG-5143', '525-82', 'BR-317', '2017-01-07');
INSERT INTO ocorrencia VALUES (22, 'TEA-1066', '505-31', 'BR-080', '2017-01-08');
INSERT INTO ocorrencia VALUES (23, 'REO-5412', '514-20', 'BR-235', '2017-01-08');
INSERT INTO ocorrencia VALUES (24, 'KPV-0302', '525-83', 'BR-319', '2017-01-08');
INSERT INTO ocorrencia VALUES (25, 'BVN-6706', '505-32', 'BR-101', '2017-01-09');
INSERT INTO ocorrencia VALUES (26, 'OZE-2973', '515-01', 'BR-242', '2017-01-09');
INSERT INTO ocorrencia VALUES (27, 'KPX-3660', '526-61', 'BR-324', '2017-01-09');
INSERT INTO ocorrencia VALUES (28, 'KNJ-0765', '505-33', 'BR-104', '2017-01-10');
INSERT INTO ocorrencia VALUES (29, 'VGV-7330', '515-02', 'BR-251', '2017-01-10');
INSERT INTO ocorrencia VALUES (30, 'PLR-8954', '526-62', 'BR-330', '2017-01-10');
INSERT INTO ocorrencia VALUES (31, 'PAQ-5855', '505-34', 'BR-110', '2017-01-11');
INSERT INTO ocorrencia VALUES (32, 'XQJ-8364', '515-03', 'BR-259', '2017-01-11');
INSERT INTO ocorrencia VALUES (33, 'EUF-3537', '526-63', 'BR-342', '2017-01-11');
INSERT INTO ocorrencia VALUES (34, 'DWF-4567', '506-10', 'BR-116', '2017-01-12');
INSERT INTO ocorrencia VALUES (35, 'CCG-0214', '515-04', 'BR-262', '2017-01-12');
INSERT INTO ocorrencia VALUES (36, 'IPX-7161', '527-41', 'BR-343', '2017-01-12');
INSERT INTO ocorrencia VALUES (37, 'XWE-7995', '507-01', 'BR-120', '2017-01-13');
INSERT INTO ocorrencia VALUES (38, 'CFT-5324', '516-91', 'BR-265', '2017-01-13');
INSERT INTO ocorrencia VALUES (39, 'UDP-7520', '527-42', 'BR-349', '2017-01-13');
INSERT INTO ocorrencia VALUES (40, 'NDN-0934', '507-02', 'BR-122', '2017-01-14');
INSERT INTO ocorrencia VALUES (41, 'IUZ-9747', '516-92', 'BR-267', '2017-01-14');
INSERT INTO ocorrencia VALUES (42, 'YYF-8208', '527-43', 'BR-352', '2017-01-14');
INSERT INTO ocorrencia VALUES (43, 'XYF-7289', '507-03', 'BR-135', '2017-01-15');
INSERT INTO ocorrencia VALUES (44, 'QBK-4057', '517-70', 'BR-272', '2017-01-15');
INSERT INTO ocorrencia VALUES (45, 'AFK-0147', '528-20', 'BR-354', '2017-01-15');
INSERT INTO ocorrencia VALUES (46, 'CCC-8382', '508-81', 'BR-146', '2017-01-16');
INSERT INTO ocorrencia VALUES (47, 'FAI-2001', '518-51', 'BR-277', '2017-01-16');
INSERT INTO ocorrencia VALUES (48, 'LFX-0326', '529-00', 'BR-356', '2017-01-16');
INSERT INTO ocorrencia VALUES (49, 'KNM-9559', '508-82', 'BR-153', '2017-01-17');
INSERT INTO ocorrencia VALUES (50, 'NKS-7050', '518-52', 'BR-280', '2017-01-17');
INSERT INTO ocorrencia VALUES (51, 'JGE-0895', '530-40', 'BR-359', '2017-01-17');
INSERT INTO ocorrencia VALUES (52, 'SSC-8435', '509-60', 'BR-154', '2017-01-18');
INSERT INTO ocorrencia VALUES (53, 'SYP-0323', '519-30', 'BR-282', '2017-01-18');
INSERT INTO ocorrencia VALUES (54, 'OQJ-6267', '531-20', 'BR-361', '2017-01-18');
INSERT INTO ocorrencia VALUES (55, 'KFO-1203', '510-01', 'BR-155', '2017-01-19');
INSERT INTO ocorrencia VALUES (56, 'AFX-7311', '520-70', 'BR-283', '2017-01-19');
INSERT INTO ocorrencia VALUES (57, 'WBZ-3116', '532-00', 'BR-363', '2017-01-19');
INSERT INTO ocorrencia VALUES (58, 'PKQ-9478', '510-02', 'BR-156', '2017-01-20');
INSERT INTO ocorrencia VALUES (59, 'UKB-5251', '521-51', 'BR-285', '2017-01-20');
INSERT INTO ocorrencia VALUES (60, 'OTH-2118', '533-90', 'BR-364', '2017-01-20');
INSERT INTO ocorrencia VALUES (61, 'JMY-5453', '510-03', 'BR-158', '2017-01-21');
INSERT INTO ocorrencia VALUES (62, 'SGV-7653', '521-52', 'BR-287', '2017-01-21');
INSERT INTO ocorrencia VALUES (63, 'EHM-7142', '534-70', 'BR-365', '2017-01-21');
INSERT INTO ocorrencia VALUES (64, 'KPA-1050', '535-50', 'BR-367', '2017-01-22');
INSERT INTO ocorrencia VALUES (65, 'ONN-7658', '536-30', 'BR-369', '2017-01-23');
INSERT INTO ocorrencia VALUES (66, 'CAA-2982', '537-10', 'BR-373', '2017-01-24');
INSERT INTO ocorrencia VALUES (67, 'KVH-8518', '538-00', 'BR-374', '2017-01-25');
INSERT INTO ocorrencia VALUES (68, 'GVH-5153', '539-80', 'BR-376', '2017-01-26');
INSERT INTO ocorrencia VALUES (69, 'JYD-8488', '540-10', 'BR-377', '2017-01-27');
INSERT INTO ocorrencia VALUES (70, 'HUN-8658', '541-00', 'BR-381', '2017-01-28');
INSERT INTO ocorrencia VALUES (71, 'DLV-9989', '542-81', 'BR-383', '2017-01-29');
INSERT INTO ocorrencia VALUES (72, 'RCE-1098', '542-82', 'BR-386', '2017-01-30');
INSERT INTO ocorrencia VALUES (73, 'GGR-1132', '542-83', 'BR-392', '2017-01-31');
INSERT INTO ocorrencia VALUES (74, 'ABS-2961', '542-84', 'BR-393', '2017-02-01');
INSERT INTO ocorrencia VALUES (75, 'KXB-1509', '543-60', 'BR-401', '2017-02-02');
INSERT INTO ocorrencia VALUES (76, 'HKW-9367', '592-41', 'BR-104', '2017-02-02');
INSERT INTO ocorrencia VALUES (77, 'YEQ-8516', '544-40', 'BR-402', '2017-02-03');
INSERT INTO ocorrencia VALUES (78, 'BGW-3712', '534-70', 'BR-110', '2017-02-03');
INSERT INTO ocorrencia VALUES (79, 'RPR-3972', '545-00', 'BR-403', '2017-02-04');
INSERT INTO ocorrencia VALUES (80, 'KCZ-0161', '535-50', 'BR-116', '2017-02-04');
INSERT INTO ocorrencia VALUES (81, 'PYC-8460', '545-21', 'BR-404', '2017-02-05');
INSERT INTO ocorrencia VALUES (82, 'NJA-9545', '536-30', 'BR-120', '2017-02-05');
INSERT INTO ocorrencia VALUES (83, 'ICS-3684', '545-22', 'BR-405', '2017-02-06');
INSERT INTO ocorrencia VALUES (84, 'SPY-5819', '537-10', 'BR-122', '2017-02-06');
INSERT INTO ocorrencia VALUES (85, 'BTO-6850', '545-23', 'BR-406', '2017-02-07');
INSERT INTO ocorrencia VALUES (86, 'PIE-8225', '538-00', 'BR-101', '2017-02-07');
INSERT INTO ocorrencia VALUES (87, 'UOG-2709', '545-24', 'BR-407', '2017-02-08');
INSERT INTO ocorrencia VALUES (88, 'NKD-0240', '539-80', 'BR-104', '2017-02-08');
INSERT INTO ocorrencia VALUES (89, 'NDB-4959', '545-25', 'BR-408', '2017-02-09');
INSERT INTO ocorrencia VALUES (90, 'OVU-5131', '540-10', 'BR-110', '2017-02-09');
INSERT INTO ocorrencia VALUES (91, 'KRN-2461', '545-26', 'BR-409', '2017-02-10');
INSERT INTO ocorrencia VALUES (92, 'RMO-9351', '541-00', 'BR-116', '2017-02-10');
INSERT INTO ocorrencia VALUES (93, 'LBW-6809', '545-27', 'BR-410', '2017-02-11');
INSERT INTO ocorrencia VALUES (94, 'SLN-2526', '542-81', 'BR-120', '2017-02-11');
INSERT INTO ocorrencia VALUES (95, 'XOM-5842', '546-00', 'BR-411', '2017-02-12');
INSERT INTO ocorrencia VALUES (96, 'UTO-4380', '542-82', 'BR-122', '2017-02-12');
INSERT INTO ocorrencia VALUES (97, 'GMJ-1515', '547-90', 'BR-412', '2017-02-13');
INSERT INTO ocorrencia VALUES (98, 'CVR-9459', '542-83', 'BR-101', '2017-02-13');
INSERT INTO ocorrencia VALUES (99, 'BIR-9429', '548-70', 'BR-413', '2017-02-14');
INSERT INTO ocorrencia VALUES (100, 'ZOE-1421', '542-84', 'BR-104', '2017-02-14');
INSERT INTO ocorrencia VALUES (101, 'YXG-9825', '549-50', 'BR-414', '2017-02-15');
INSERT INTO ocorrencia VALUES (102, 'SYF-5793', '543-60', 'BR-110', '2017-02-15');
INSERT INTO ocorrencia VALUES (103, 'HVA-9819', '550-90', 'BR-415', '2017-02-16');
INSERT INTO ocorrencia VALUES (104, 'KUX-8969', '544-40', 'BR-116', '2017-02-16');
INSERT INTO ocorrencia VALUES (105, 'WWT-4986', '551-71', 'BR-416', '2017-02-17');
INSERT INTO ocorrencia VALUES (106, 'VBG-6042', '545-00', 'BR-120', '2017-02-17');
INSERT INTO ocorrencia VALUES (107, 'RUQ-0963', '551-72', 'BR-417', '2017-02-18');
INSERT INTO ocorrencia VALUES (108, 'DPA-3139', '545-21', 'BR-122', '2017-02-18');
INSERT INTO ocorrencia VALUES (109, 'ITZ-9277', '551-73', 'BR-418', '2017-02-19');
INSERT INTO ocorrencia VALUES (110, 'BTD-2001', '545-22', 'BR-101', '2017-02-19');
INSERT INTO ocorrencia VALUES (111, 'DER-7990', '552-50', 'BR-419', '2017-02-20');
INSERT INTO ocorrencia VALUES (112, 'FHK-2707', '545-23', 'BR-104', '2017-02-20');
INSERT INTO ocorrencia VALUES (113, 'PPD-0535', '553-30', 'BR-420', '2017-02-21');
INSERT INTO ocorrencia VALUES (114, 'EHF-7857', '545-24', 'BR-110', '2017-02-21');
INSERT INTO ocorrencia VALUES (115, 'WHB-1041', '554-11', 'BR-421', '2017-02-22');
INSERT INTO ocorrencia VALUES (116, 'LMM-9094', '545-25', 'BR-116', '2017-02-22');
INSERT INTO ocorrencia VALUES (117, 'DAN-7708', '554-12', 'BR-422', '2017-02-23');
INSERT INTO ocorrencia VALUES (118, 'XHR-0181', '545-26', 'BR-120', '2017-02-23');
INSERT INTO ocorrencia VALUES (119, 'VYV-0563', '554-13', 'BR-423', '2017-02-24');
INSERT INTO ocorrencia VALUES (120, 'EZF-6509', '545-27', 'BR-122', '2017-02-24');
INSERT INTO ocorrencia VALUES (121, 'OPG-5143', '554-14', 'BR-424', '2017-02-25');
INSERT INTO ocorrencia VALUES (122, 'TEA-1066', '546-00', 'BR-010', '2017-02-25');
INSERT INTO ocorrencia VALUES (123, 'REO-5412', '554-15', 'BR-425', '2017-02-26');
INSERT INTO ocorrencia VALUES (124, 'KPV-0302', '547-90', 'BR-020', '2017-02-26');
INSERT INTO ocorrencia VALUES (125, 'BVN-6706', '554-16', 'BR-426', '2017-02-27');
INSERT INTO ocorrencia VALUES (126, 'OZE-2973', '548-70', 'BR-030', '2017-02-27');
INSERT INTO ocorrencia VALUES (127, 'KPX-3660', '554-17', 'BR-427', '2017-02-28');
INSERT INTO ocorrencia VALUES (128, 'KNJ-0765', '549-50', 'BR-040', '2017-02-28');
INSERT INTO ocorrencia VALUES (129, 'VGV-7330', '555-00', 'BR-428', '2017-03-01');
INSERT INTO ocorrencia VALUES (130, 'YXG-9825', '550-90', 'BR-050', '2017-03-01');
INSERT INTO ocorrencia VALUES (131, 'SYF-5793', '556-80', 'BR-429', '2017-03-02');
INSERT INTO ocorrencia VALUES (132, 'HVA-9819', '551-71', 'BR-060', '2017-03-02');
INSERT INTO ocorrencia VALUES (133, 'KUX-8969', '557-60', 'BR-430', '2017-03-03');
INSERT INTO ocorrencia VALUES (134, 'WWT-4986', '551-72', 'BR-070', '2017-03-03');
INSERT INTO ocorrencia VALUES (135, 'VBG-6042', '558-40', 'BR-431', '2017-03-04');
INSERT INTO ocorrencia VALUES (136, 'RUQ-0963', '551-73', 'BR-080', '2017-03-04');
INSERT INTO ocorrencia VALUES (137, 'DPA-3139', '559-20', 'BR-432', '2017-03-05');
INSERT INTO ocorrencia VALUES (138, 'ITZ-9277', '552-50', 'BR-101', '2017-03-05');
INSERT INTO ocorrencia VALUES (139, 'BTD-2001', '560-60', 'BR-433', '2017-03-06');
INSERT INTO ocorrencia VALUES (140, 'DER-7990', '553-30', 'BR-104', '2017-03-06');
INSERT INTO ocorrencia VALUES (141, 'FHK-2707', '561-41', 'BR-434', '2017-03-07');
INSERT INTO ocorrencia VALUES (142, 'PPD-0535', '554-11', 'BR-110', '2017-03-07');
INSERT INTO ocorrencia VALUES (143, 'EHF-7857', '561-42', 'BR-435', '2017-03-08');
INSERT INTO ocorrencia VALUES (144, 'WHB-1041', '554-12', 'BR-116', '2017-03-08');
INSERT INTO ocorrencia VALUES (145, 'LMM-9094', '561-43', 'BR-436', '2017-03-09');
INSERT INTO ocorrencia VALUES (146, 'DAN-7708', '561-44', 'BR-437', '2017-03-10');
INSERT INTO ocorrencia VALUES (147, 'XHR-0181', '562-21', 'BR-439', '2017-03-11');
INSERT INTO ocorrencia VALUES (148, 'VYV-0563', '562-22', 'BR-440', '2017-03-12');
INSERT INTO ocorrencia VALUES (149, 'EZF-6509', '562-23', 'BR-447', '2017-03-13');
INSERT INTO ocorrencia VALUES (150, 'OPG-5143', '562-24', 'BR-448', '2017-03-14');
INSERT INTO ocorrencia VALUES (151, 'TEA-1066', '562-25', 'BR-450', '2017-03-15');
INSERT INTO ocorrencia VALUES (152, 'REO-5412', '563-00', 'BR-451', '2017-03-16');
INSERT INTO ocorrencia VALUES (153, 'KPV-0302', '564-91', 'BR-452', '2017-03-17');
INSERT INTO ocorrencia VALUES (154, 'BVN-6706', '564-92', 'BR-453', '2017-03-18');
INSERT INTO ocorrencia VALUES (155, 'OZE-2973', '564-93', 'BR-454', '2017-03-19');
INSERT INTO ocorrencia VALUES (156, 'KPX-3660', '565-70', 'BR-455', '2017-03-20');
INSERT INTO ocorrencia VALUES (157, 'KNJ-0765', '566-50', 'BR-456', '2017-03-21');
INSERT INTO ocorrencia VALUES (158, 'VGV-7330', '567-31', 'BR-457', '2017-03-22');
INSERT INTO ocorrencia VALUES (159, 'YXG-9825', '567-32', 'BR-458', '2017-03-23');
INSERT INTO ocorrencia VALUES (160, 'SYF-5793', '568-10', 'BR-459', '2017-03-24');
INSERT INTO ocorrencia VALUES (161, 'HVA-9819', '569-00', 'BR-460', '2017-03-25');
INSERT INTO ocorrencia VALUES (162, 'KUX-8969', '570-30', 'BR-461', '2017-03-26');
INSERT INTO ocorrencia VALUES (163, 'WWT-4986', '571-10', 'BR-462', '2017-03-27');
INSERT INTO ocorrencia VALUES (164, 'VBG-6042', '572-00', 'BR-463', '2017-03-28');
INSERT INTO ocorrencia VALUES (165, 'RUQ-0963', '573-80', 'BR-464', '2017-03-29');
INSERT INTO ocorrencia VALUES (166, 'DPA-3139', '574-61', 'BR-465', '2017-03-30');
INSERT INTO ocorrencia VALUES (167, 'ITZ-9277', '574-62', 'BR-466', '2017-03-31');
INSERT INTO ocorrencia VALUES (168, 'BTD-2001', '574-63', 'BR-467', '2017-04-01');
INSERT INTO ocorrencia VALUES (169, 'DER-7990', '576-20', 'BR-468', '2017-04-02');
INSERT INTO ocorrencia VALUES (170, 'FHK-2707', '577-01', 'BR-469', '2017-04-03');
INSERT INTO ocorrencia VALUES (171, 'PPD-0535', '577-02', 'BR-470', '2017-04-04');
INSERT INTO ocorrencia VALUES (172, 'EHF-7857', '577-03', 'BR-471', '2017-04-05');
INSERT INTO ocorrencia VALUES (173, 'WHB-1041', '577-04', 'BR-472', '2017-04-06');
INSERT INTO ocorrencia VALUES (174, 'LMM-9094', '577-05', 'BR-473', '2017-04-07');
INSERT INTO ocorrencia VALUES (175, 'DAN-7708', '578-90', 'BR-474', '2017-04-08');
INSERT INTO ocorrencia VALUES (176, 'XHR-0181', '579-70', 'BR-475', '2017-04-09');
INSERT INTO ocorrencia VALUES (177, 'VYV-0563', '580-00', 'BR-476', '2017-04-10');
INSERT INTO ocorrencia VALUES (178, 'EZF-6509', '581-91', 'BR-477', '2017-04-11');
INSERT INTO ocorrencia VALUES (179, 'OPG-5143', '581-92', 'BR-478', '2017-04-12');
INSERT INTO ocorrencia VALUES (180, 'TEA-1066', '581-93', 'BR-479', '2017-04-13');
INSERT INTO ocorrencia VALUES (181, 'REO-5412', '581-94', 'BR-480', '2017-04-14');
INSERT INTO ocorrencia VALUES (182, 'KPV-0302', '581-95', 'BR-481', '2017-04-15');
INSERT INTO ocorrencia VALUES (183, 'BVN-6706', '581-96', 'BR-482', '2017-04-16');
INSERT INTO ocorrencia VALUES (184, 'OZE-2973', '581-97', 'BR-483', '2017-04-17');
INSERT INTO ocorrencia VALUES (185, 'KPX-3660', '581-98', 'BR-484', '2017-04-18');
INSERT INTO ocorrencia VALUES (186, 'KNJ-0765', '504-50', 'BR-122', '2017-04-18');
INSERT INTO ocorrencia VALUES (187, 'VGV-7330', '582-70', 'BR-485', '2017-04-19');
INSERT INTO ocorrencia VALUES (188, 'YXG-9825', '505-31', 'BR-135', '2017-04-19');
INSERT INTO ocorrencia VALUES (189, 'SYF-5793', '583-50', 'BR-486', '2017-04-20');
INSERT INTO ocorrencia VALUES (190, 'HVA-9819', '505-32', 'BR-146', '2017-04-20');
INSERT INTO ocorrencia VALUES (191, 'KUX-8969', '584-31', 'BR-487', '2017-04-21');
INSERT INTO ocorrencia VALUES (192, 'WWT-4986', '505-33', 'BR-153', '2017-04-21');
INSERT INTO ocorrencia VALUES (193, 'VBG-6042', '584-32', 'BR-488', '2017-04-22');
INSERT INTO ocorrencia VALUES (194, 'RUQ-0963', '505-34', 'BR-154', '2017-04-22');
INSERT INTO ocorrencia VALUES (195, 'DPA-3139', '584-33', 'BR-489', '2017-04-23');
INSERT INTO ocorrencia VALUES (196, 'ITZ-9277', '506-10', 'BR-155', '2017-04-23');
INSERT INTO ocorrencia VALUES (197, 'BTD-2001', '584-34', 'BR-490', '2017-04-24');
INSERT INTO ocorrencia VALUES (198, 'DER-7990', '507-01', 'BR-156', '2017-04-24');
INSERT INTO ocorrencia VALUES (199, 'FHK-2707', '589-40', 'BR-155', '2017-04-24');
INSERT INTO ocorrencia VALUES (200, 'PPD-0535', '518-52', 'BR-135', '2017-04-24');
INSERT INTO ocorrencia VALUES (201, 'EHF-7857', '525-83', 'BR-110', '2017-04-24');
INSERT INTO ocorrencia VALUES (202, 'WHB-1041', '585-11', 'BR-491', '2017-04-25');
INSERT INTO ocorrencia VALUES (203, 'LMM-9094', '507-02', 'BR-158', '2017-04-25');
INSERT INTO ocorrencia VALUES (204, 'DAN-7708', '590-80', 'BR-156', '2017-04-25');
INSERT INTO ocorrencia VALUES (205, 'XHR-0181', '519-30', 'BR-146', '2017-04-25');
INSERT INTO ocorrencia VALUES (206, 'VYV-0563', '526-61', 'BR-116', '2017-04-25');
INSERT INTO ocorrencia VALUES (207, 'EZF-6509', '502-91', 'BR-156', '2017-04-25');
INSERT INTO ocorrencia VALUES (208, 'OPG-5143', '511-80', 'BR-146', '2017-04-25');
INSERT INTO ocorrencia VALUES (209, 'TEA-1066', '522-32', 'BR-116', '2017-04-25');
INSERT INTO ocorrencia VALUES (210, 'REO-5412', '502-92', 'BR-492', '2017-04-26');
INSERT INTO ocorrencia VALUES (211, 'KPV-0302', '512-61', 'BR-163', '2017-04-26');
INSERT INTO ocorrencia VALUES (212, 'BVN-6706', '523-11', 'BR-158', '2017-04-26');
INSERT INTO ocorrencia VALUES (213, 'OZE-2973', '502-93', 'BR-153', '2017-04-26');
INSERT INTO ocorrencia VALUES (214, 'KPX-3660', '512-62', 'BR-120', '2017-04-26');
INSERT INTO ocorrencia VALUES (215, 'KNJ-0765', '523-12', 'BR-156', '2017-04-26');
INSERT INTO ocorrencia VALUES (216, 'VGV-7330', '503-71', 'BR-146', '2017-04-26');
INSERT INTO ocorrencia VALUES (217, 'YXG-9825', '512-63', 'BR-116', '2017-04-26');
INSERT INTO ocorrencia VALUES (218, 'SYF-5793', '524-00', 'BR-156', '2017-04-26');
INSERT INTO ocorrencia VALUES (219, 'HVA-9819', '503-72', 'BR-146', '2017-04-26');
INSERT INTO ocorrencia VALUES (220, 'KUX-8969', '586-00', 'BR-116', '2017-04-27');
INSERT INTO ocorrencia VALUES (221, 'WWT-4986', '508-81', 'BR-174', '2017-04-27');
INSERT INTO ocorrencia VALUES (222, 'VBG-6042', '591-62', 'BR-163', '2017-04-27');
INSERT INTO ocorrencia VALUES (223, 'RUQ-0963', '521-51', 'BR-154', '2017-04-27');
INSERT INTO ocorrencia VALUES (224, 'DPA-3139', '526-63', 'BR-122', '2017-04-27');
INSERT INTO ocorrencia VALUES (225, 'ITZ-9277', '581-91', 'BR-156', '2017-04-27');
INSERT INTO ocorrencia VALUES (226, 'BTD-2001', '581-92', 'BR-146', '2017-04-27');
INSERT INTO ocorrencia VALUES (227, 'DER-7990', '581-93', 'BR-116', '2017-04-27');
INSERT INTO ocorrencia VALUES (228, 'FHK-2707', '581-94', 'BR-156', '2017-04-27');
INSERT INTO ocorrencia VALUES (229, 'PPD-0535', '581-95', 'BR-146', '2017-04-27');
INSERT INTO ocorrencia VALUES (230, 'EHF-7857', '581-96', 'BR-116', '2017-04-28');
INSERT INTO ocorrencia VALUES (231, 'WHB-1041', '581-97', 'BR-210', '2017-04-28');
INSERT INTO ocorrencia VALUES (232, 'LMM-9094', '581-98', 'BR-174', '2017-04-28');
INSERT INTO ocorrencia VALUES (233, 'DAN-7708', '504-50', 'BR-155', '2017-04-28');
INSERT INTO ocorrencia VALUES (234, 'XHR-0181', '582-70', 'BR-135', '2017-04-28');
INSERT INTO ocorrencia VALUES (235, 'VYV-0563', '505-31', 'BR-156', '2017-04-28');
INSERT INTO ocorrencia VALUES (236, 'EZF-6509', '583-50', 'BR-146', '2017-04-28');
INSERT INTO ocorrencia VALUES (237, 'OPG-5143', '505-32', 'BR-116', '2017-04-28');
INSERT INTO ocorrencia VALUES (238, 'TEA-1066', '584-31', 'BR-116', '2017-04-28');
INSERT INTO ocorrencia VALUES (239, 'REO-5412', '505-33', 'BR-210', '2017-04-28');
INSERT INTO ocorrencia VALUES (240, 'KPV-0302', '584-32', 'BR-174', '2017-04-29');
INSERT INTO ocorrencia VALUES (241, 'BVN-6706', '505-34', 'BR-155', '2017-04-29');
INSERT INTO ocorrencia VALUES (242, 'OZE-2973', '584-33', 'BR-135', '2017-04-29');
INSERT INTO ocorrencia VALUES (243, 'KPX-3660', '506-10', 'BR-156', '2017-04-29');
INSERT INTO ocorrencia VALUES (244, 'KNJ-0765', '584-34', 'BR-146', '2017-04-29');
INSERT INTO ocorrencia VALUES (245, 'VGV-7330', '507-01', 'BR-116', '2017-04-29');
INSERT INTO ocorrencia VALUES (246, 'YXG-9825', '581-91', 'BR-210', '2017-04-29');
INSERT INTO ocorrencia VALUES (247, 'SYF-5793', '581-92', 'BR-174', '2017-04-29');
INSERT INTO ocorrencia VALUES (248, 'HVA-9819', '581-93', 'BR-155', '2017-04-29');
INSERT INTO ocorrencia VALUES (249, 'KUX-8969', '581-94', 'BR-135', '2017-04-29');
INSERT INTO ocorrencia VALUES (250, 'WWT-4986', '581-95', 'BR-496', '2017-04-30');
INSERT INTO ocorrencia VALUES (251, 'VBG-6042', '581-96', 'BR-104', '2017-04-30');
INSERT INTO ocorrencia VALUES (252, 'RUQ-0963', '581-97', 'BR-101', '2017-04-30');
INSERT INTO ocorrencia VALUES (253, 'DPA-3139', '581-98', 'BR-158', '2017-04-30');
INSERT INTO ocorrencia VALUES (254, 'ITZ-9277', '504-50', 'BR-153', '2017-04-30');
INSERT INTO ocorrencia VALUES (255, 'BTD-2001', '582-70', 'BR-116', '2017-04-30');
INSERT INTO ocorrencia VALUES (256, 'DER-7990', '505-31', 'BR-210', '2017-04-30');
INSERT INTO ocorrencia VALUES (257, 'FHK-2707', '583-50', 'BR-174', '2017-04-30');
INSERT INTO ocorrencia VALUES (258, 'PPD-0535', '505-32', 'BR-155', '2017-04-30');
INSERT INTO ocorrencia VALUES (259, 'EHF-7857', '584-31', 'BR-135', '2017-04-30');
INSERT INTO ocorrencia VALUES (260, 'WHB-1041', '505-33', 'BR-497', '2017-05-01');
INSERT INTO ocorrencia VALUES (261, 'LMM-9094', '584-32', 'BR-110', '2017-05-01');
INSERT INTO ocorrencia VALUES (262, 'DAN-7708', '505-34', 'BR-104', '2017-05-01');
INSERT INTO ocorrencia VALUES (263, 'XHR-0181', '584-33', 'BR-163', '2017-05-01');
INSERT INTO ocorrencia VALUES (264, 'VYV-0563', '506-10', 'BR-116', '2017-05-01');
INSERT INTO ocorrencia VALUES (265, 'EZF-6509', '584-34', 'BR-210', '2017-05-01');
INSERT INTO ocorrencia VALUES (266, 'OPG-5143', '507-01', 'BR-174', '2017-05-01');
INSERT INTO ocorrencia VALUES (267, 'TEA-1066', '508-82', 'BR-155', '2017-05-01');
INSERT INTO ocorrencia VALUES (268, 'REO-5412', '509-60', 'BR-135', '2017-05-01');
INSERT INTO ocorrencia VALUES (269, 'KPV-0302', '510-01', 'BR-116', '2017-05-01');
INSERT INTO ocorrencia VALUES (270, 'BVN-6706', '510-02', 'BR-210', '2017-05-02');
INSERT INTO ocorrencia VALUES (271, 'OZE-2973', '510-03', 'BR-174', '2017-05-02');
INSERT INTO ocorrencia VALUES (272, 'KPX-3660', '510-04', 'BR-155', '2017-05-02');
INSERT INTO ocorrencia VALUES (273, 'KNJ-0765', '511-80', 'BR-135', '2017-05-02');
INSERT INTO ocorrencia VALUES (274, 'VGV-7330', '512-61', 'BR-155', '2017-05-02');
INSERT INTO ocorrencia VALUES (275, 'YXG-9825', '512-62', 'BR-116', '2017-05-02');
INSERT INTO ocorrencia VALUES (276, 'SYF-5793', '512-63', 'BR-210', '2017-05-02');
INSERT INTO ocorrencia VALUES (277, 'HVA-9819', '513-41', 'BR-174', '2017-05-02');
INSERT INTO ocorrencia VALUES (278, 'KUX-8969', '513-42', 'BR-155', '2017-05-03');
INSERT INTO ocorrencia VALUES (279, 'WWT-4986', '514-20', 'BR-135', '2017-05-03');
INSERT INTO ocorrencia VALUES (280, 'VBG-6042', '515-01', 'BR-116', '2017-05-03');
INSERT INTO ocorrencia VALUES (281, 'RUQ-0963', '515-02', 'BR-210', '2017-05-03');
INSERT INTO ocorrencia VALUES (282, 'DPA-3139', '515-03', 'BR-156', '2017-05-03');
INSERT INTO ocorrencia VALUES (283, 'ITZ-9277', '515-04', 'BR-600', '2017-05-04');
INSERT INTO ocorrencia VALUES (284, 'BTD-2001', '516-91', 'BR-122', '2017-05-04');
INSERT INTO ocorrencia VALUES (285, 'DER-7990', '516-92', 'BR-120', '2017-05-04');
INSERT INTO ocorrencia VALUES (286, 'FHK-2707', '517-70', 'BR-101', '2017-05-04');
INSERT INTO ocorrencia VALUES (287, 'PPD-0535', '518-51', 'BR-158', '2017-05-04');
INSERT INTO ocorrencia VALUES (288, 'EHF-7857', '518-52', 'BR-610', '2017-05-05');
INSERT INTO ocorrencia VALUES (289, 'WHB-1041', '519-30', 'BR-135', '2017-05-05');
INSERT INTO ocorrencia VALUES (290, 'LMM-9094', '520-70', 'BR-122', '2017-05-05');
INSERT INTO ocorrencia VALUES (291, 'DAN-7708', '521-51', 'BR-104', '2017-05-05');
INSERT INTO ocorrencia VALUES (292, 'XHR-0181', '521-52', 'BR-163', '2017-05-05');
INSERT INTO ocorrencia VALUES (293, 'VYV-0563', '522-31', 'BR-101', '2017-05-06');
INSERT INTO ocorrencia VALUES (294, 'EZF-6509', '522-32', 'BR-146', '2017-05-06');
INSERT INTO ocorrencia VALUES (295, 'OPG-5143', '523-11', 'BR-174', '2017-05-06');
INSERT INTO ocorrencia VALUES (296, 'TEA-1066', '523-12', 'BR-104', '2017-05-07');
INSERT INTO ocorrencia VALUES (297, 'REO-5412', '524-00', 'BR-153', '2017-05-07');
INSERT INTO ocorrencia VALUES (298, 'KPV-0302', '525-81', 'BR-210', '2017-05-07');
INSERT INTO ocorrencia VALUES (299, 'BVN-6706', '525-82', 'BR-110', '2017-05-08');
INSERT INTO ocorrencia VALUES (300, 'OZE-2973', '525-83', 'BR-154', '2017-05-08');
INSERT INTO ocorrencia VALUES (301, 'KPX-3660', '526-61', 'BR-116', '2017-05-08');
INSERT INTO ocorrencia VALUES (302, 'KNJ-0765', '526-62', 'BR-116', '2017-05-09');
INSERT INTO ocorrencia VALUES (303, 'VGV-7330', '526-63', 'BR-120', '2017-05-09');
INSERT INTO ocorrencia VALUES (304, 'BVN-6706', '527-41', 'BR-120', '2017-05-10');
INSERT INTO ocorrencia VALUES (305, 'OZE-2973', '527-42', 'BR-122', '2017-05-10');
INSERT INTO ocorrencia VALUES (306, 'KPX-3660', '527-43', 'BR-135', '2017-05-11');
INSERT INTO ocorrencia VALUES (307, 'KNJ-0765', '528-20', 'BR-146', '2017-05-12');
INSERT INTO ocorrencia VALUES (308, 'VGV-7330', '529-00', 'BR-153', '2017-05-13');
INSERT INTO ocorrencia VALUES (309, 'PLR-8954', '541-00', 'BR-154', '2017-05-14');
INSERT INTO ocorrencia VALUES (310, 'PAQ-5855', '542-81', 'BR-491', '2017-05-15');
INSERT INTO ocorrencia VALUES (311, 'XQJ-8364', '542-82', 'BR-492', '2017-05-16');
INSERT INTO ocorrencia VALUES (312, 'EUF-3537', '542-83', 'BR-493', '2017-05-17');
INSERT INTO ocorrencia VALUES (313, 'DWF-4567', '542-84', 'BR-494', '2017-05-18');
INSERT INTO ocorrencia VALUES (314, 'CCG-0214', '543-60', 'BR-495', '2017-05-19');
INSERT INTO ocorrencia VALUES (315, 'IPX-7161', '544-40', 'BR-496', '2017-05-20');
INSERT INTO ocorrencia VALUES (316, 'XWE-7995', '545-00', 'BR-497', '2017-05-21');
INSERT INTO ocorrencia VALUES (317, 'CFT-5324', '545-21', 'BR-498', '2017-05-22');
INSERT INTO ocorrencia VALUES (318, 'UDP-7520', '545-22', 'BR-499', '2017-05-23');
INSERT INTO ocorrencia VALUES (319, 'NDN-0934', '545-23', 'BR-600', '2017-05-24');
INSERT INTO ocorrencia VALUES (320, 'IUZ-9747', '545-24', 'BR-610', '2017-05-25');
INSERT INTO ocorrencia VALUES (321, 'YYF-8208', '545-25', 'BR-101', '2017-05-26');
INSERT INTO ocorrencia VALUES (322, 'XYF-7289', '545-26', 'BR-104', '2017-05-27');
INSERT INTO ocorrencia VALUES (323, 'QBK-4057', '545-27', 'BR-110', '2017-05-28');
INSERT INTO ocorrencia VALUES (324, 'AFK-0147', '546-00', 'BR-116', '2017-05-29');
INSERT INTO ocorrencia VALUES (325, 'CCC-8382', '547-90', 'BR-120', '2017-05-30');
INSERT INTO ocorrencia VALUES (326, 'FAI-2001', '548-70', 'BR-122', '2017-05-31');
INSERT INTO ocorrencia VALUES (327, 'LFX-0326', '549-50', 'BR-135', '2017-06-01');
INSERT INTO ocorrencia VALUES (328, 'KNM-9559', '550-90', 'BR-146', '2017-06-02');
INSERT INTO ocorrencia VALUES (329, 'NKS-7050', '551-71', 'BR-153', '2017-06-03');
INSERT INTO ocorrencia VALUES (330, 'JGE-0895', '551-72', 'BR-154', '2017-06-04');
INSERT INTO ocorrencia VALUES (331, 'SSC-8435', '551-73', 'BR-155', '2017-06-05');
INSERT INTO ocorrencia VALUES (332, 'SYP-0323', '552-50', 'BR-156', '2017-06-06');
INSERT INTO ocorrencia VALUES (333, 'OQJ-6267', '553-30', 'BR-158', '2017-06-07');
INSERT INTO ocorrencia VALUES (334, 'KFO-1203', '554-11', 'BR-163', '2017-06-08');
INSERT INTO ocorrencia VALUES (335, 'AFX-7311', '554-12', 'BR-174', '2017-06-09');
INSERT INTO ocorrencia VALUES (336, 'WBZ-3116', '554-13', 'BR-210', '2017-06-10');
INSERT INTO ocorrencia VALUES (337, 'PKQ-9478', '554-14', 'BR-101', '2017-06-11');
INSERT INTO ocorrencia VALUES (338, 'UKB-5251', '554-15', 'BR-104', '2017-06-12');
INSERT INTO ocorrencia VALUES (339, 'OTH-2118', '554-16', 'BR-110', '2017-06-13');
INSERT INTO ocorrencia VALUES (340, 'JMY-5453', '554-17', 'BR-116', '2017-06-14');
INSERT INTO ocorrencia VALUES (341, 'SGV-7653', '555-00', 'BR-120', '2017-06-15');
INSERT INTO ocorrencia VALUES (342, 'EHM-7142', '556-80', 'BR-122', '2017-06-16');
INSERT INTO ocorrencia VALUES (343, 'KPA-1050', '557-60', 'BR-135', '2017-06-17');
INSERT INTO ocorrencia VALUES (344, 'ONN-7658', '558-40', 'BR-146', '2017-06-18');
INSERT INTO ocorrencia VALUES (345, 'CAA-2982', '559-20', 'BR-153', '2017-06-19');
INSERT INTO ocorrencia VALUES (346, 'KVH-8518', '560-60', 'BR-154', '2017-06-20');
INSERT INTO ocorrencia VALUES (347, 'GVH-5153', '561-41', 'BR-155', '2017-06-21');
INSERT INTO ocorrencia VALUES (348, 'JYD-8488', '561-42', 'BR-156', '2017-06-22');
INSERT INTO ocorrencia VALUES (349, 'HUN-8658', '561-43', 'BR-158', '2017-06-23');
INSERT INTO ocorrencia VALUES (350, 'DLV-9989', '561-44', 'BR-163', '2017-06-24');
INSERT INTO ocorrencia VALUES (351, 'RCE-1098', '562-21', 'BR-174', '2017-06-25');
INSERT INTO ocorrencia VALUES (352, 'GGR-1132', '562-22', 'BR-010', '2017-06-26');
INSERT INTO ocorrencia VALUES (353, 'ABS-2961', '562-23', 'BR-020', '2017-06-27');
INSERT INTO ocorrencia VALUES (354, 'KXB-1509', '562-24', 'BR-030', '2017-06-28');
INSERT INTO ocorrencia VALUES (355, 'HKW-9367', '562-25', 'BR-040', '2017-06-29');
INSERT INTO ocorrencia VALUES (356, 'YEQ-8516', '563-00', 'BR-050', '2017-06-30');
INSERT INTO ocorrencia VALUES (357, 'BGW-3712', '564-91', 'BR-060', '2017-07-01');
INSERT INTO ocorrencia VALUES (358, 'RPR-3972', '564-92', 'BR-070', '2017-07-02');
INSERT INTO ocorrencia VALUES (359, 'KCZ-0161', '564-93', 'BR-080', '2017-07-03');
INSERT INTO ocorrencia VALUES (360, 'PYC-8460', '565-70', 'BR-101', '2017-07-04');
INSERT INTO ocorrencia VALUES (361, 'NJA-9545', '566-50', 'BR-104', '2017-07-05');
INSERT INTO ocorrencia VALUES (362, 'ICS-3684', '567-31', 'BR-110', '2017-07-06');
INSERT INTO ocorrencia VALUES (363, 'SPY-5819', '567-32', 'BR-116', '2017-07-07');
INSERT INTO ocorrencia VALUES (364, 'BTO-6850', '568-10', 'BR-120', '2017-07-08');
INSERT INTO ocorrencia VALUES (365, 'PIE-8225', '569-00', 'BR-122', '2017-07-09');
INSERT INTO ocorrencia VALUES (366, 'UOG-2709', '570-30', 'BR-135', '2017-07-10');
INSERT INTO ocorrencia VALUES (367, 'NKD-0240', '571-10', 'BR-146', '2017-07-11');
INSERT INTO ocorrencia VALUES (368, 'NDB-4959', '554-13', 'BR-153', '2017-07-12');
INSERT INTO ocorrencia VALUES (369, 'OVU-5131', '554-14', 'BR-154', '2017-07-13');
INSERT INTO ocorrencia VALUES (370, 'KRN-2461', '554-15', 'BR-155', '2017-07-14');
INSERT INTO ocorrencia VALUES (371, 'RMO-9351', '554-16', 'BR-156', '2017-07-15');
INSERT INTO ocorrencia VALUES (372, 'LBW-6809', '554-17', 'BR-158', '2017-07-16');
INSERT INTO ocorrencia VALUES (373, 'SLN-2526', '555-00', 'BR-163', '2017-07-17');
INSERT INTO ocorrencia VALUES (374, 'XOM-5842', '556-80', 'BR-174', '2017-07-18');
INSERT INTO ocorrencia VALUES (375, 'UTO-4380', '557-60', 'BR-210', '2017-07-19');
INSERT INTO ocorrencia VALUES (376, 'GMJ-1515', '558-40', 'BR-222', '2017-07-20');
INSERT INTO ocorrencia VALUES (377, 'CVR-9459', '559-20', 'BR-226', '2017-07-21');
INSERT INTO ocorrencia VALUES (378, 'BIR-9429', '560-60', 'BR-230', '2017-07-22');
INSERT INTO ocorrencia VALUES (379, 'ZOE-1421', '561-41', 'BR-232', '2017-07-23');
INSERT INTO ocorrencia VALUES (380, 'BVN-6706', '561-42', 'BR-235', '2017-07-24');
INSERT INTO ocorrencia VALUES (381, 'OZE-2973', '561-43', 'BR-242', '2017-07-25');
INSERT INTO ocorrencia VALUES (382, 'KPX-3660', '561-44', 'BR-251', '2017-07-26');
INSERT INTO ocorrencia VALUES (383, 'KNJ-0765', '562-21', 'BR-259', '2017-07-27');
INSERT INTO ocorrencia VALUES (384, 'VGV-7330', '562-22', 'BR-262', '2017-07-28');
INSERT INTO ocorrencia VALUES (385, 'PLR-8954', '562-23', 'BR-265', '2017-07-29');
INSERT INTO ocorrencia VALUES (386, 'PAQ-5855', '562-24', 'BR-267', '2017-07-30');
INSERT INTO ocorrencia VALUES (387, 'XQJ-8364', '562-25', 'BR-272', '2017-07-31');
INSERT INTO ocorrencia VALUES (388, 'EUF-3537', '563-00', 'BR-277', '2017-08-01');
INSERT INTO ocorrencia VALUES (389, 'DWF-4567', '564-91', 'BR-280', '2017-08-02');
INSERT INTO ocorrencia VALUES (390, 'CCG-0214', '564-92', 'BR-282', '2017-08-03');
INSERT INTO ocorrencia VALUES (391, 'IPX-7161', '564-93', 'BR-283', '2017-08-04');
INSERT INTO ocorrencia VALUES (392, 'XWE-7995', '565-70', 'BR-285', '2017-08-05');
INSERT INTO ocorrencia VALUES (393, 'CFT-5324', '566-50', 'BR-287', '2017-08-06');
INSERT INTO ocorrencia VALUES (394, 'UDP-7520', '567-31', 'BR-290', '2017-08-07');
INSERT INTO ocorrencia VALUES (395, 'NDN-0934', '567-32', 'BR-293', '2017-08-08');
INSERT INTO ocorrencia VALUES (396, 'IUZ-9747', '568-10', 'BR-304', '2017-08-09');
INSERT INTO ocorrencia VALUES (397, 'YYF-8208', '569-00', 'BR-307', '2017-08-10');
INSERT INTO ocorrencia VALUES (398, 'XYF-7289', '570-30', 'BR-308', '2017-08-11');
INSERT INTO ocorrencia VALUES (399, 'QBK-4057', '571-10', 'BR-316', '2017-08-12');
INSERT INTO ocorrencia VALUES (400, 'AFK-0147', '572-00', 'BR-317', '2017-08-13');
INSERT INTO ocorrencia VALUES (401, 'CCC-8382', '573-80', 'BR-319', '2017-08-14');
INSERT INTO ocorrencia VALUES (402, 'FAI-2001', '574-61', 'BR-324', '2017-08-15');
INSERT INTO ocorrencia VALUES (403, 'LFX-0326', '574-62', 'BR-330', '2017-08-16');
INSERT INTO ocorrencia VALUES (404, 'KNM-9559', '574-63', 'BR-342', '2017-08-17');
INSERT INTO ocorrencia VALUES (405, 'NKS-7050', '576-20', 'BR-343', '2017-08-18');
INSERT INTO ocorrencia VALUES (406, 'JGE-0895', '577-01', 'BR-349', '2017-08-19');
INSERT INTO ocorrencia VALUES (407, 'SSC-8435', '577-02', 'BR-352', '2017-08-20');
INSERT INTO ocorrencia VALUES (408, 'SYP-0323', '577-03', 'BR-354', '2017-08-21');
INSERT INTO ocorrencia VALUES (409, 'OQJ-6267', '577-04', 'BR-356', '2017-08-22');
INSERT INTO ocorrencia VALUES (410, 'KFO-1203', '577-05', 'BR-359', '2017-08-23');
INSERT INTO ocorrencia VALUES (411, 'AFX-7311', '578-90', 'BR-308', '2017-08-24');
INSERT INTO ocorrencia VALUES (412, 'WBZ-3116', '579-70', 'BR-316', '2017-08-25');
INSERT INTO ocorrencia VALUES (413, 'PKQ-9478', '580-00', 'BR-317', '2017-08-26');
INSERT INTO ocorrencia VALUES (414, 'UKB-5251', '581-91', 'BR-319', '2017-08-27');
INSERT INTO ocorrencia VALUES (415, 'OTH-2118', '581-92', 'BR-324', '2017-08-28');
INSERT INTO ocorrencia VALUES (416, 'JMY-5453', '581-93', 'BR-330', '2017-08-29');
INSERT INTO ocorrencia VALUES (417, 'SGV-7653', '581-94', 'BR-342', '2017-08-30');
INSERT INTO ocorrencia VALUES (418, 'EHM-7142', '581-95', 'BR-343', '2017-08-31');
INSERT INTO ocorrencia VALUES (419, 'KPA-1050', '581-96', 'BR-349', '2017-09-01');
INSERT INTO ocorrencia VALUES (420, 'ONN-7658', '581-97', 'BR-352', '2017-09-02');
INSERT INTO ocorrencia VALUES (421, 'CAA-2982', '581-98', 'BR-354', '2017-09-03');
INSERT INTO ocorrencia VALUES (422, 'KVH-8518', '582-70', 'BR-356', '2017-09-04');
INSERT INTO ocorrencia VALUES (423, 'GVH-5153', '583-50', 'BR-359', '2017-09-05');
INSERT INTO ocorrencia VALUES (424, 'JYD-8488', '584-31', 'BR-101', '2017-09-06');
INSERT INTO ocorrencia VALUES (425, 'HUN-8658', '584-32', 'BR-104', '2017-09-07');
INSERT INTO ocorrencia VALUES (426, 'DLV-9989', '584-33', 'BR-110', '2017-09-08');
INSERT INTO ocorrencia VALUES (427, 'RCE-1098', '584-34', 'BR-116', '2017-09-09');
INSERT INTO ocorrencia VALUES (428, 'GGR-1132', '585-11', 'BR-120', '2017-09-10');
INSERT INTO ocorrencia VALUES (429, 'ABS-2961', '561-41', 'BR-210', '2017-09-10');
INSERT INTO ocorrencia VALUES (430, 'KXB-1509', '561-42', 'BR-174', '2017-09-10');
INSERT INTO ocorrencia VALUES (431, 'HKW-9367', '561-43', 'BR-155', '2017-09-10');
INSERT INTO ocorrencia VALUES (432, 'YEQ-8516', '561-44', 'BR-210', '2017-09-10');
INSERT INTO ocorrencia VALUES (433, 'BGW-3712', '562-21', 'BR-174', '2017-09-10');
INSERT INTO ocorrencia VALUES (434, 'RPR-3972', '562-22', 'BR-155', '2017-09-10');
INSERT INTO ocorrencia VALUES (435, 'KCZ-0161', '562-23', 'BR-122', '2017-09-11');
INSERT INTO ocorrencia VALUES (436, 'PYC-8460', '562-24', 'BR-210', '2017-09-11');
INSERT INTO ocorrencia VALUES (437, 'NJA-9545', '562-25', 'BR-174', '2017-09-11');
INSERT INTO ocorrencia VALUES (438, 'ICS-3684', '563-00', 'BR-155', '2017-09-11');
INSERT INTO ocorrencia VALUES (439, 'SPY-5819', '586-00', 'BR-210', '2017-09-11');
INSERT INTO ocorrencia VALUES (440, 'BTO-6850', '586-00', 'BR-174', '2017-09-11');
INSERT INTO ocorrencia VALUES (441, 'PIE-8225', '586-00', 'BR-155', '2017-09-11');
INSERT INTO ocorrencia VALUES (442, 'UOG-2709', '586-00', 'BR-101', '2017-09-12');
INSERT INTO ocorrencia VALUES (443, 'NKD-0240', '586-00', 'BR-210', '2017-09-12');
INSERT INTO ocorrencia VALUES (444, 'NDB-4959', '586-00', 'BR-174', '2017-09-12');
INSERT INTO ocorrencia VALUES (445, 'OVU-5131', '586-00', 'BR-155', '2017-09-12');
INSERT INTO ocorrencia VALUES (446, 'KRN-2461', '586-00', 'BR-210', '2017-09-12');
INSERT INTO ocorrencia VALUES (447, 'RMO-9351', '586-00', 'BR-174', '2017-09-12');
INSERT INTO ocorrencia VALUES (448, 'LBW-6809', '586-00', 'BR-155', '2017-09-12');
INSERT INTO ocorrencia VALUES (449, 'SLN-2526', '587-80', 'BR-104', '2017-09-13');
INSERT INTO ocorrencia VALUES (450, 'XOM-5842', '588-60', 'BR-210', '2017-09-13');
INSERT INTO ocorrencia VALUES (451, 'UTO-4380', '588-60', 'BR-174', '2017-09-13');
INSERT INTO ocorrencia VALUES (452, 'GMJ-1515', '588-60', 'BR-155', '2017-09-13');
INSERT INTO ocorrencia VALUES (453, 'CVR-9459', '588-60', 'BR-210', '2017-09-13');
INSERT INTO ocorrencia VALUES (454, 'BIR-9429', '588-60', 'BR-174', '2017-09-13');
INSERT INTO ocorrencia VALUES (455, 'ZOE-1421', '588-60', 'BR-155', '2017-09-13');
INSERT INTO ocorrencia VALUES (456, 'BVN-6706', '588-60', 'BR-110', '2017-09-14');
INSERT INTO ocorrencia VALUES (457, 'OZE-2973', '589-40', 'BR-210', '2017-09-14');
INSERT INTO ocorrencia VALUES (458, 'KPX-3660', '589-40', 'BR-174', '2017-09-14');
INSERT INTO ocorrencia VALUES (459, 'KNJ-0765', '589-40', 'BR-155', '2017-09-14');
INSERT INTO ocorrencia VALUES (460, 'VGV-7330', '589-40', 'BR-210', '2017-09-14');
INSERT INTO ocorrencia VALUES (461, 'PLR-8954', '589-40', 'BR-174', '2017-09-14');
INSERT INTO ocorrencia VALUES (462, 'PAQ-5855', '589-40', 'BR-155', '2017-09-14');
INSERT INTO ocorrencia VALUES (463, 'XQJ-8364', '589-40', 'BR-116', '2017-09-15');
INSERT INTO ocorrencia VALUES (464, 'EUF-3537', '591-61', 'BR-210', '2017-09-15');
INSERT INTO ocorrencia VALUES (465, 'DWF-4567', '591-61', 'BR-174', '2017-09-15');
INSERT INTO ocorrencia VALUES (466, 'CCG-0214', '591-61', 'BR-155', '2017-09-15');
INSERT INTO ocorrencia VALUES (467, 'IPX-7161', '591-61', 'BR-120', '2017-09-15');
INSERT INTO ocorrencia VALUES (468, 'XWE-7995', '591-61', 'BR-120', '2017-09-15');
INSERT INTO ocorrencia VALUES (469, 'CFT-5324', '591-61', 'BR-120', '2017-09-15');
INSERT INTO ocorrencia VALUES (470, 'UDP-7520', '590-80', 'BR-120', '2017-09-16');
INSERT INTO ocorrencia VALUES (471, 'NDN-0934', '591-62', 'BR-122', '2017-09-16');
INSERT INTO ocorrencia VALUES (472, 'IUZ-9747', '591-62', 'BR-122', '2017-09-16');
INSERT INTO ocorrencia VALUES (473, 'YYF-8208', '591-62', 'BR-122', '2017-09-16');
INSERT INTO ocorrencia VALUES (474, 'XYF-7289', '591-62', 'BR-122', '2017-09-16');
INSERT INTO ocorrencia VALUES (475, 'QBK-4057', '591-62', 'BR-122', '2017-09-16');
INSERT INTO ocorrencia VALUES (476, 'AFK-0147', '591-62', 'BR-122', '2017-09-16');
INSERT INTO ocorrencia VALUES (477, 'CCC-8382', '591-61', 'BR-122', '2017-09-17');
INSERT INTO ocorrencia VALUES (478, 'FAI-2001', '501-00', 'BR-101', '2017-09-17');
INSERT INTO ocorrencia VALUES (479, 'LFX-0326', '510-04', 'BR-101', '2017-09-17');
INSERT INTO ocorrencia VALUES (480, 'KNM-9559', '522-31', 'BR-101', '2017-09-17');
INSERT INTO ocorrencia VALUES (481, 'NKS-7050', '502-91', 'BR-101', '2017-09-17');
INSERT INTO ocorrencia VALUES (482, 'JGE-0895', '511-80', 'BR-101', '2017-09-17');
INSERT INTO ocorrencia VALUES (483, 'SSC-8435', '522-32', 'BR-101', '2017-09-17');
INSERT INTO ocorrencia VALUES (484, 'SYP-0323', '502-92', 'BR-101', '2017-09-18');
INSERT INTO ocorrencia VALUES (485, 'OQJ-6267', '512-61', 'BR-101', '2017-09-18');
INSERT INTO ocorrencia VALUES (486, 'KFO-1203', '523-11', 'BR-101', '2017-09-18');
INSERT INTO ocorrencia VALUES (487, 'AFX-7311', '502-93', 'BR-101', '2017-09-18');
INSERT INTO ocorrencia VALUES (488, 'WBZ-3116', '512-62', 'BR-101', '2017-09-18');
INSERT INTO ocorrencia VALUES (489, 'PKQ-9478', '523-12', 'BR-101', '2017-09-18');
INSERT INTO ocorrencia VALUES (490, 'UKB-5251', '503-71', 'BR-101', '2017-09-18');
INSERT INTO ocorrencia VALUES (491, 'OTH-2118', '512-63', 'BR-101', '2017-09-18');
INSERT INTO ocorrencia VALUES (492, 'JMY-5453', '524-00', 'BR-101', '2017-09-18');
INSERT INTO ocorrencia VALUES (493, 'SGV-7653', '503-72', 'BR-101', '2017-09-18');
INSERT INTO ocorrencia VALUES (494, 'EHM-7142', '513-41', 'BR-101', '2017-09-19');
INSERT INTO ocorrencia VALUES (495, 'KPA-1050', '525-81', 'BR-101', '2017-09-19');
INSERT INTO ocorrencia VALUES (496, 'ONN-7658', '504-50', 'BR-101', '2017-09-19');
INSERT INTO ocorrencia VALUES (497, 'CAA-2982', '502-91', 'BR-101', '2017-09-19');
INSERT INTO ocorrencia VALUES (498, 'KVH-8518', '511-80', 'BR-101', '2017-09-20');
INSERT INTO ocorrencia VALUES (499, 'GVH-5153', '522-32', 'BR-101', '2017-09-20');
INSERT INTO ocorrencia VALUES (500, 'JYD-8488', '502-92', 'BR-101', '2017-09-20');

---carros 100 linhas
---proprietarios 100 linhas
---locais 167 linhas
---multas 166 linhas
---ocorrencia 500 linhas